Row ID,Order Date,Order ID,Product ID,Sub-Category,Manufacturer,Product Name,Return Reason,Notes,Category,City,Country,Customer ID,Customer Name,Discount,Order Date-1,Order ID-1,Postal Code,Product ID-1,Product Name-1,Profit,Quantity,Region,Row ID-1,Segment,Ship Date,Ship Mode,State,Sub-Category-1,Sales
2963,16-12-2017,CA-2018-137428,FUR-CH-10002774,Chairs,Global,"Global Deluxe Stacking Chair, Gray",No Longer Needed,Customer found cheaper item elsewhere - C Arnold,Furniture,Philadelphia,United States,SF-20065,Sandra Flanagan,0.3,16-07-2018,US-2018-156909,19140,FUR-CH-10002774,"Global Deluxe Stacking Chair, Gray",-1.0196,2,East,24,Consumer,18-07-2018,Second Class,Pennsylvania,Chairs,71.37
5970,20-07-2014,CA-2015-141726,OFF-BI-10001982,Binders,Wilson Jones,Wilson Jones Custom Binder Spines & Labels,Incorrect Product Ordered,custmer didn't know item was in cart - R. Duchesne,Office Supplies,Philadelphia,United States,JL-15850,John Lucas,0.7,25-04-2017,US-2017-150147,19134,OFF-BI-10001982,Wilson Jones Custom Binder Spines & Labels,-3.4272,3,East,334,Consumer,29-04-2017,Second Class,Pennsylvania,Binders,8
5970,20-07-2014,CA-2015-141726,OFF-BI-10001982,Binders,Wilson Jones,Wilson Jones Custom Binder Spines & Labels,Incorrect Product Ordered,custmer didn't know item was in cart - R. Duchesne,Office Supplies,Chester,United States,JO-15550,Jesus Ocampo,0.7,14-05-2016,CA-2016-119291,19013,OFF-BI-10001982,Wilson Jones Custom Binder Spines & Labels,-3.4272,3,East,701,Home Office,17-05-2016,First Class,Pennsylvania,Binders,22
7183,30-04-2017,CA-2018-150609,OFF-BI-10002071,Binders,Fellowes,Fellowes Black Plastic Comb Bindings,No Longer Needed,customer found cheaper item at online discount store - M Gomez,Office Supplies,Cincinnati,United States,MC-17575,Matt Collins,0.7,03-02-2018,CA-2018-167703,45231,OFF-BI-10002071,Fellowes Black Plastic Comb Bindings,-4.1832,3,East,1321,Consumer,08-02-2018,Standard Class,Ohio,Binders,8
886,25-04-2015,CA-2016-143602,OFF-BI-10002071,Binders,Fellowes,Fellowes Black Plastic Comb Bindings,Incorrect Product Ordered,bindings were not compatible with machine - M/ Gomez,Office Supplies,Cincinnati,United States,MC-17575,Matt Collins,0.7,03-02-2018,CA-2018-167703,45231,OFF-BI-10002071,Fellowes Black Plastic Comb Bindings,-4.1832,3,East,1321,Consumer,08-02-2018,Standard Class,Ohio,Binders,8
138,13-10-2016,CA-2017-145583,OFF-BI-10004781,Binders,GBC,GBC Wire Binding Strips,Incorrect Product Shipped,This item was never shipped. Did not arrive with order - C Arnold,Office Supplies,York,United States,TS-21160,Theresa Swint,0.7,25-06-2017,US-2017-152051,17403,OFF-BI-10004781,GBC Wire Binding Strips,-27.9312,4,East,2147,Corporate,29-06-2017,Standard Class,Pennsylvania,Binders,38.08
7183,30-04-2017,CA-2018-150609,OFF-BI-10002071,Binders,Fellowes,Fellowes Black Plastic Comb Bindings,No Longer Needed,customer found cheaper item at online discount store - M Gomez,Office Supplies,Philadelphia,United States,GB-14530,George Bell,0.7,29-08-2017,CA-2017-159912,19120,OFF-BI-10002071,Fellowes Black Plastic Comb Bindings,-2.7888,2,East,4686,Corporate,03-09-2017,Standard Class,Pennsylvania,Binders,3.48
886,25-04-2015,CA-2016-143602,OFF-BI-10002071,Binders,Fellowes,Fellowes Black Plastic Comb Bindings,Incorrect Product Ordered,bindings were not compatible with machine - M/ Gomez,Office Supplies,Philadelphia,United States,GB-14530,George Bell,0.7,29-08-2017,CA-2017-159912,19120,OFF-BI-10002071,Fellowes Black Plastic Comb Bindings,-2.7888,2,East,4686,Corporate,03-09-2017,Standard Class,Pennsylvania,Binders,3.48
138,13-10-2016,CA-2017-145583,OFF-BI-10004781,Binders,GBC,GBC Wire Binding Strips,Incorrect Product Shipped,This item was never shipped. Did not arrive with order - C Arnold,Office Supplies,Philadelphia,United States,LR-17035,Lisa Ryan,0.7,07-09-2016,CA-2016-102876,19134,OFF-BI-10004781,GBC Wire Binding Strips,-6.9828,1,East,5009,Corporate,14-09-2016,Standard Class,Pennsylvania,Binders,9.52
7718,06-01-2015,CA-2016-149636,OFF-BI-10002764,Binders,Other,Recycled Pressboard Report Cover with Reinforced Top Hinge,Defective,item was torn - R Duchesne,Office Supplies,Lancaster,United States,BM-11650,Brian Moss,0.7,27-09-2017,CA-2017-163202,43130,OFF-BI-10002764,Recycled Pressboard Report Cover with Reinforced Top Hinge,-2.0349,3,East,5399,Corporate,02-10-2017,Standard Class,Ohio,Binders,2.9
1973,14-12-2014,CA-2015-148950,OFF-BI-10001249,Binders,Avery,Avery Heavy-Duty EZD View Binder with Locking Rings,Defective,not all rings locked -C  Arnold,Office Supplies,Philadelphia,United States,SC-20440,Shaun Chance,0.7,04-09-2016,CA-2016-113523,19140,OFF-BI-10001249,Avery Heavy-Duty EZD View Binder with Locking Rings,-6.1248,4,East,5496,Corporate,08-09-2016,Standard Class,Pennsylvania,Binders,7.65
7183,30-04-2017,CA-2018-150609,OFF-BI-10002071,Binders,Fellowes,Fellowes Black Plastic Comb Bindings,No Longer Needed,customer found cheaper item at online discount store - M Gomez,Office Supplies,Lancaster,United States,JS-15940,Joni Sundaresam,0.7,23-09-2017,CA-2017-124016,43130,OFF-BI-10002071,Fellowes Black Plastic Comb Bindings,-9.7608,7,East,6055,Home Office,26-09-2017,Second Class,Ohio,Binders,12.2
886,25-04-2015,CA-2016-143602,OFF-BI-10002071,Binders,Fellowes,Fellowes Black Plastic Comb Bindings,Incorrect Product Ordered,bindings were not compatible with machine - M/ Gomez,Office Supplies,Lancaster,United States,JS-15940,Joni Sundaresam,0.7,23-09-2017,CA-2017-124016,43130,OFF-BI-10002071,Fellowes Black Plastic Comb Bindings,-9.7608,7,East,6055,Home Office,26-09-2017,Second Class,Ohio,Binders,12.2
7207,02-10-2017,CA-2018-137414,TEC-MA-10002930,Machines,Other,Ricoh - Ink Collector Unit for GX3000 Series Printers,Defective,"corner was bent, so it didn't fit in printer. - L Smith",Technology,Philadelphia,United States,PS-18760,Pamela Stobb,0.7,14-09-2018,CA-2018-156237,19140,TEC-MA-10002930,Ricoh - Ink Collector Unit for GX3000 Series Printers,-18.0385,1,East,6811,Consumer,15-09-2018,First Class,Pennsylvania,Machines,12.58
5970,20-07-2014,CA-2015-141726,OFF-BI-10001982,Binders,Wilson Jones,Wilson Jones Custom Binder Spines & Labels,Incorrect Product Ordered,custmer didn't know item was in cart - R. Duchesne,Office Supplies,Columbus,United States,BS-11590,Brendan Sweed,0.7,25-08-2015,CA-2015-107398,43229,OFF-BI-10001982,Wilson Jones Custom Binder Spines & Labels,-4.5696,4,East,8885,Corporate,30-08-2015,Standard Class,Ohio,Binders,6.52
215,02-01-2015,CA-2016-146262,TEC-PH-10002844,Phones,Other,Speck Products Candyshell Flip Case,Incorrect Product Ordered,Customer thought item had been removed from cart - S Kelly,Technology,Medina,United States,VW-21775,Victoria Wilson,0.4,02-01-2016,CA-2016-146262,44256,TEC-PH-10002844,Speck Products Candyshell Flip Case,-14.6958,3,East,215,Corporate,09-01-2016,Standard Class,Ohio,Phones,62.98
3344,27-08-2016,CA-2017-145982,TEC-PH-10000011,Phones,Other,PureGear Roll-On Screen Protector,Defective,screen wouldn’t adhere correctly - C/ Arnold,Technology,Grove City,United States,CK-12595,Clytie Kelty,0.4,14-11-2018,CA-2018-138611,43123,TEC-PH-10000011,PureGear Roll-On Screen Protector,15.992,10,East,615,Consumer,17-11-2018,Second Class,Ohio,Phones,119.94
1830,18-05-2014,CA-2015-103373,TEC-PH-10002885,Phones,Apple,Apple iPhone 5,Incorrect Product Ordered,The customer didn't realize that the phone was in the cart when he ordered. - R Duchesne,Technology,Cleveland,United States,BS-11755,Bruce Stewart,0.4,18-05-2015,CA-2015-103373,44105,TEC-PH-10002885,Apple iPhone 5,-168.9558,2,East,1830,Consumer,24-05-2015,Standard Class,Ohio,Phones,779.79
5801,11-07-2014,CA-2015-123225,TEC-PH-10000895,Phones,Polycom,Polycom VVX 310 VoIP phone,Incorrect Product Ordered,customer didn't know item was in cart - R. Duchesne,Technology,Cleveland,United States,SV-20365,Seth Vernon,0.4,27-01-2016,CA-2016-168746,44105,TEC-PH-10000895,Polycom VVX 310 VoIP phone,-100.7944,4,East,2538,Consumer,29-01-2016,Second Class,Ohio,Phones,431.97
1093,06-12-2015,CA-2016-143490,TEC-PH-10000576,Phones,AT&T,AT&T 1080 Corded phone,Product Listed Incorrectly,Website listed cord as 6' and item cord is 5' - G Lindsay,Technology,Newark,United States,DR-12880,Dan Reichenbach,0.4,27-12-2018,CA-2018-134404,43055,TEC-PH-10000576,AT&T 1080 Corded phone,-35.6174,2,East,2570,Corporate,27-12-2018,Same Day,Ohio,Phones,164.38
4320,29-12-2014,CA-2015-152345,TEC-PH-10004897,Phones,Other,Mediabridge Sport Armband iPhone 5s,No Longer Needed,customer didn't want this anymore - F. Azad,Technology,Troy,United States,MP-17965,Michael Paige,0.4,09-10-2017,CA-2017-116974,45373,TEC-PH-10004897,Mediabridge Sport Armband iPhone 5s,-15.5844,4,East,2785,Corporate,15-10-2017,Standard Class,Ohio,Phones,23.97
1830,18-05-2014,CA-2015-103373,TEC-PH-10002885,Phones,Apple,Apple iPhone 5,Incorrect Product Ordered,The customer didn't realize that the phone was in the cart when he ordered. - R Duchesne,Technology,Lancaster,United States,MH-18115,Mick Hernandez,0.4,24-09-2018,CA-2018-121839,43130,TEC-PH-10002885,Apple iPhone 5,-253.4337,3,East,3588,Home Office,28-09-2018,Standard Class,Ohio,Phones,1169.69
215,02-01-2015,CA-2016-146262,TEC-PH-10002844,Phones,Other,Speck Products Candyshell Flip Case,Incorrect Product Ordered,Customer thought item had been removed from cart - S Kelly,Technology,Philadelphia,United States,VT-21700,Valerie Takahito,0.4,05-04-2016,CA-2016-167010,19143,TEC-PH-10002844,Speck Products Candyshell Flip Case,-9.7972,2,East,3909,Home Office,10-04-2016,Standard Class,Pennsylvania,Phones,41.98
7845,21-07-2017,US-2018-123834,FUR-TA-10001676,Tables,Hon,Hon 61000 Series Interactive Training Tables,General,Customer ordered too many - S Kelly,Furniture,New York City,United States,TH-21235,Tiffany House,0.4,23-12-2015,CA-2015-114517,10024,FUR-TA-10001676,Hon 61000 Series Interactive Training Tables,-19.5492,2,East,3980,Corporate,27-12-2015,Standard Class,New York,Tables,53.31
91,17-09-2016,CA-2017-109806,TEC-PH-10004093,Phones,Panasonic,Panasonic Kx-TS550,No Longer Needed,Customer found comparable product at local store - R Chen,Technology,Chester,United States,AA-10645,Anna Andreadi,0.4,22-06-2015,CA-2015-154963,19013,TEC-PH-10004093,Panasonic Kx-TS550,-15.1767,3,East,4022,Consumer,27-06-2015,Standard Class,Pennsylvania,Phones,82.78
5421,31-03-2016,US-2017-151827,TEC-PH-10002789,Phones,Other,LG Exalt,Incorrect Product Shipped,Customer received older model - R Duchesne,Technology,Philadelphia,United States,EH-14125,Eugene Hildebrand,0.4,27-11-2016,US-2016-154389,19140,TEC-PH-10002789,LG Exalt,-162.2296,8,East,5187,Home Office,03-12-2016,Standard Class,Pennsylvania,Phones,748.75
5421,31-03-2016,US-2017-151827,TEC-PH-10002789,Phones,Other,LG Exalt,Incorrect Product Shipped,Customer received older model - R Duchesne,Technology,Philadelphia,United States,CS-11950,Carlos Soltero,0.4,31-03-2017,US-2017-151827,19134,TEC-PH-10002789,LG Exalt,-60.8361,3,East,5421,Consumer,02-04-2017,Second Class,Pennsylvania,Phones,280.78
5576,05-12-2014,CA-2015-151162,TEC-PH-10001809,Phones,Panasonic,Panasonic KX T7736-B Digital phone,Incorrect Product Ordered,cust. thought that this was already removed from cart. - C Arnold,Technology,Columbus,United States,EA-14035,Erin Ashbrook,0.4,05-12-2015,CA-2015-151162,43229,TEC-PH-10001809,Panasonic KX T7736-B Digital phone,-44.985,2,East,5576,Corporate,09-12-2015,Standard Class,Ohio,Phones,179.94
91,17-09-2016,CA-2017-109806,TEC-PH-10004093,Phones,Panasonic,Panasonic Kx-TS550,No Longer Needed,Customer found comparable product at local store - R Chen,Technology,Cleveland,United States,BT-11530,Bradley Talbott,0.4,22-01-2017,CA-2017-148208,44105,TEC-PH-10004093,Panasonic Kx-TS550,-20.2356,4,East,6229,Home Office,27-01-2017,Standard Class,Ohio,Phones,110.37
7845,21-07-2017,US-2018-123834,FUR-TA-10001676,Tables,Hon,Hon 61000 Series Interactive Training Tables,General,Customer ordered too many - S Kelly,Furniture,New York City,United States,AP-10720,Anne Pryor,0.4,19-11-2018,CA-2018-143021,10011,FUR-TA-10001676,Hon 61000 Series Interactive Training Tables,-29.3238,3,East,6951,Home Office,19-11-2018,Same Day,New York,Tables,79.97
7461,11-04-2015,US-2016-136987,TEC-CO-10001943,Copiers,Canon,Canon PC-428 Personal Copier,Defective,item was dropped out of delivery truck - L Smith,Technology,Philadelphia,United States,SV-20365,Seth Vernon,0.4,18-07-2018,US-2018-165358,19134,TEC-CO-10001943,Canon PC-428 Personal Copier,69.9965,5,East,7043,Consumer,23-07-2018,Standard Class,Pennsylvania,Copiers,599.97
4912,14-01-2017,CA-2018-127306,TEC-PH-10001924,Phones,Other,iHome FM Clock Radio with Lightning Dock,No Longer Needed,customer found item cheaper at online discount store - R Chen,Technology,Philadelphia,United States,MJ-17740,Max Jones,0.4,08-12-2018,US-2018-131961,19140,TEC-PH-10001924,iHome FM Clock Radio with Lightning Dock,-20.997,2,East,8740,Consumer,11-12-2018,First Class,Pennsylvania,Phones,83.98
487,10-06-2017,CA-2018-140963,TEC-PH-10001924,Phones,Other,iHome FM Clock Radio with Lightning Dock,Defective,Power cord not shipped with item - R Duchesne,Technology,Philadelphia,United States,MJ-17740,Max Jones,0.4,08-12-2018,US-2018-131961,19140,TEC-PH-10001924,iHome FM Clock Radio with Lightning Dock,-20.997,2,East,8740,Consumer,11-12-2018,First Class,Pennsylvania,Phones,83.98
8647,25-11-2016,CA-2017-113341,FUR-CH-10004698,Chairs,Other,"Padded Folding Chairs, Black, 4/Carton",Incorrect Product Shipped,White chairs were shipped. Customer just wants refund - R Duchesne,Furniture,Newark,United States,JE-15745,Joel Eaton,0.3,21-11-2016,US-2016-101511,43055,FUR-CH-10004698,"Padded Folding Chairs, Black, 4/Carton",-11.3372,7,East,178,Consumer,23-11-2016,Second Class,Ohio,Chairs,396.8
5792,29-09-2017,CA-2018-140186,FUR-CH-10002961,Chairs,Other,"Leather Task Chair, Black",Defective,Leather was torn in back - K Lawrence,Furniture,Philadelphia,United States,AI-10855,Arianne Irving,0.3,11-12-2018,US-2018-160759,19120,FUR-CH-10002961,"Leather Task Chair, Black",-9.098,1,East,1516,Consumer,17-12-2018,Standard Class,Pennsylvania,Chairs,63.68
3033,21-11-2016,US-2017-114293,FUR-CH-10003833,Chairs,Novimex,Novimex Fabric Task Chair,Defective,customer reports that seat was not attached in front - E Wi lliams,Furniture,Philadelphia,United States,CK-12595,Clytie Kelty,0.3,11-07-2016,CA-2016-142237,19134,FUR-CH-10003833,Novimex Fabric Task Chair,-73.176,8,East,2052,Consumer,13-07-2016,First Class,Pennsylvania,Chairs,341.48
5780,11-11-2014,CA-2015-105270,FUR-CH-10000988,Chairs,Hon,Hon Olson Stacker Stools,Incorrect Product Ordered,Customer didn't realize item was in cart - L Jenkins,Furniture,Philadelphia,United States,BD-11320,Bill Donatelli,0.3,31-10-2017,CA-2017-119165,19143,FUR-CH-10000988,Hon Olson Stacker Stools,-14.081,5,East,2448,Consumer,06-11-2017,Standard Class,Pennsylvania,Chairs,492.83
800,27-11-2015,CA-2016-101910,FUR-CH-10002647,Chairs,Other,"Situations Contoured Folding Chairs, 4/Set",Defective,only three chairs were delivered in package - M Gomez,Furniture,Columbus,United States,SV-20365,Seth Vernon,0.3,18-09-2017,CA-2017-157511,43229,FUR-CH-10002647,"Situations Contoured Folding Chairs, 4/Set",-7.098,2,East,3543,Consumer,20-09-2017,First Class,Ohio,Chairs,99.37
8647,25-11-2016,CA-2017-113341,FUR-CH-10004698,Chairs,Other,"Padded Folding Chairs, Black, 4/Carton",Incorrect Product Shipped,White chairs were shipped. Customer just wants refund - R Duchesne,Furniture,Chester,United States,AA-10645,Anna Andreadi,0.3,22-06-2015,CA-2015-154963,19013,FUR-CH-10004698,"Padded Folding Chairs, Black, 4/Carton",-4.8588,3,East,4021,Consumer,27-06-2015,Standard Class,Pennsylvania,Chairs,170.05
2672,09-09-2014,CA-2015-126403,FUR-CH-10003761,Chairs,Global,Global Italian Leather Office Chair,Incorrect Product Ordered,Customer didn't realize that the item was in the order - M. Gomez,Furniture,Parma,United States,AC-10660,Anna Chung,0.3,15-10-2015,US-2015-122021,44134,FUR-CH-10003761,Global Italian Leather Office Chair,-7.8588,2,East,4898,Consumer,17-10-2015,First Class,Ohio,Chairs,183.37
4510,23-05-2017,CA-2018-167003,FUR-TA-10001520,Tables,Lesro,"Lesro Sheffield Collection Coffee Table, End Table, Center Table, Corner Table",General,table didn't fit in space as desired - L. Jenkins,Furniture,Wilmington,United States,TS-21370,Todd Sumrall,0.3,11-07-2016,CA-2016-136469,19805,FUR-TA-10001520,"Lesro Sheffield Collection Coffee Table, End Table, Center Table, Corner Table",-37.1124,4,East,5039,Corporate,12-07-2016,First Class,Delaware,Tables,199.83
800,27-11-2015,CA-2016-101910,FUR-CH-10002647,Chairs,Other,"Situations Contoured Folding Chairs, 4/Set",Defective,only three chairs were delivered in package - M Gomez,Furniture,Bethlehem,United States,AH-10195,Alan Haines,0.3,05-03-2016,CA-2016-125185,18018,FUR-CH-10002647,"Situations Contoured Folding Chairs, 4/Set",-7.098,2,East,5255,Corporate,07-03-2016,Second Class,Pennsylvania,Chairs,99.37
800,27-11-2015,CA-2016-101910,FUR-CH-10002647,Chairs,Other,"Situations Contoured Folding Chairs, 4/Set",Defective,only three chairs were delivered in package - M Gomez,Furniture,Philadelphia,United States,SV-20365,Seth Vernon,0.3,18-07-2018,US-2018-165358,19134,FUR-CH-10002647,"Situations Contoured Folding Chairs, 4/Set",-14.196,4,East,7044,Consumer,23-07-2018,Standard Class,Pennsylvania,Chairs,198.74
800,27-11-2015,CA-2016-101910,FUR-CH-10002647,Chairs,Other,"Situations Contoured Folding Chairs, 4/Set",Defective,only three chairs were delivered in package - M Gomez,Furniture,Philadelphia,United States,DS-13180,David Smith,0.3,28-11-2017,CA-2017-127243,19140,FUR-CH-10002647,"Situations Contoured Folding Chairs, 4/Set",-24.843,7,East,7368,Corporate,04-12-2017,Standard Class,Pennsylvania,Chairs,347.8
8892,16-09-2016,CA-2017-162159,FUR-CH-10001146,Chairs,Global,"Global Value Mid-Back Manager's Chair, Gray",Incorrect Product Shipped,Black chair was shipped - C Arnold,Furniture,Philadelphia,United States,DB-13210,Dean Braden,0.3,05-09-2017,CA-2017-158778,19134,FUR-CH-10001146,"Global Task Chair, Black",-19.3382,2,East,7592,Consumer,09-09-2017,Standard Class,Pennsylvania,Chairs,71.24
4228,05-01-2015,CA-2016-154970,FUR-CH-10003396,Chairs,Global,Global Deluxe Steno Chair,Defective,armrests would not adjust - M Gomez,Furniture,Philadelphia,United States,EG-13900,Emily Grady,0.3,08-12-2018,US-2018-167570,19140,FUR-CH-10003396,Global Deluxe Steno Chair,-58.5048,4,East,8109,Consumer,15-12-2018,Standard Class,Pennsylvania,Chairs,215.54
1942,29-08-2017,CA-2018-144064,OFF-LA-10004544,Labels,Avery,Avery 505,Incorrect Product Ordered,Customer meant to order shipping labels - E Williams,Office Supplies,Medina,United States,VW-21775,Victoria Wilson,0.2,02-01-2016,CA-2016-146262,44256,OFF-LA-10004544,Avery 505,8.88,2,East,213,Corporate,09-01-2016,Standard Class,Ohio,Labels,23.68
213,02-01-2015,CA-2016-146262,OFF-LA-10004544,Labels,Avery,Avery 505,Incorrect Product Ordered,Customer thought item had been removed from cart - S Kelly,Office Supplies,Medina,United States,VW-21775,Victoria Wilson,0.2,02-01-2016,CA-2016-146262,44256,OFF-LA-10004544,Avery 505,8.88,2,East,213,Corporate,09-01-2016,Standard Class,Ohio,Labels,23.68
2846,17-11-2017,CA-2018-138163,OFF-AR-10001958,Art,Stanley,Stanley Bostitch Contemporary Electric Pencil Sharpeners,Defective,didn't work - S. Kelly,Office Supplies,Dublin,United States,JB-15925,Joni Blumstein,0.2,24-12-2016,CA-2016-169397,43017,OFF-AR-10001958,Stanley Bostitch Contemporary Electric Pencil Sharpeners,2.7168,2,East,225,Consumer,27-12-2016,First Class,Ohio,Art,27.16
5136,23-10-2016,CA-2017-151323,OFF-FA-10002983,Fasteners,Advantus,Advantus SlideClip Paper Clips,Incorrect Product Ordered,customer ordered too many - R Duchesne,Office Supplies,Columbus,United States,NZ-18565,Nick Zandusky,0.2,20-11-2017,CA-2017-110772,43229,OFF-FA-10002983,Advantus SlideClip Paper Clips,6.6836,7,East,290,Home Office,24-11-2017,Second Class,Ohio,Fasteners,19.09
3099,27-04-2017,CA-2018-135692,FUR-BO-10002268,Bookcases,Sauder,Sauder Barrister Bookcases,No Longer Needed,Customer ordered item from another site for cheaper - G Lindsay,Furniture,New York City,United States,JL-15505,Jeremy Lonsdale,0.2,08-04-2017,CA-2017-138520,10035,FUR-BO-10002268,Sauder Barrister Bookcases,-4.8588,6,East,355,Consumer,13-04-2017,Standard Class,New York,Bookcases,388.7
4106,07-08-2017,US-2018-155999,OFF-BI-10000404,Binders,Avery,Avery Printable Repositionable Plastic Tabs,No Longer Needed,Customer found a better deal at online distributr - L Jenkins,Office Supplies,New York City,United States,AS-10135,Adrian Shami,0.2,19-11-2018,CA-2018-162929,10035,OFF-BI-10000404,Avery Printable Repositionable Plastic Tabs,13.932,6,East,547,Home Office,22-11-2018,First Class,New York,Binders,41.28
3807,12-11-2015,CA-2016-113628,OFF-AR-10001246,Art,Newell,Newell 317,No Longer Needed,customer ordered too many - L Smith,Office Supplies,Philadelphia,United States,AR-10510,Andrew Roberts,0.2,23-05-2015,US-2015-105767,19134,OFF-AR-10001246,Newell 317,2.3814,9,East,609,Consumer,27-05-2015,Standard Class,Pennsylvania,Art,21.16
1402,01-11-2016,CA-2017-159212,OFF-EN-10002230,Envelopes,Other,Airmail Envelopes,No Longer Needed,customer ordered to many - G Lindsay,Office Supplies,Columbus,United States,CR-12730,Craig Reiter,0.2,22-08-2017,CA-2017-137239,43229,OFF-EN-10002230,Airmail Envelopes,45.3222,2,East,657,Consumer,28-08-2017,Standard Class,Ohio,Envelopes,134.28
5743,28-03-2017,US-2018-147886,OFF-PA-10003651,Paper,Xerox,Xerox 1968,Incorrect Product Ordered,Customer meant to order heavier weight - M Gomez,Office Supplies,Philadelphia,United States,DB-13210,Dean Braden,0.2,15-09-2017,CA-2017-149370,19140,OFF-PA-10003651,Xerox 1968,1.8704,1,East,817,Consumer,19-09-2017,Standard Class,Pennsylvania,Paper,5.34
3297,23-05-2015,US-2016-110569,OFF-BI-10001036,Binders,Cardinal,Cardinal EasyOpen D-Ring Binders,Defective,one ring wouldn't open - M Gomez,Office Supplies,New York City,United States,TS-21610,Troy Staebel,0.2,09-09-2017,CA-2017-110023,10024,OFF-BI-10001036,Cardinal EasyOpen D-Ring Binders,5.484,2,East,992,Consumer,11-09-2017,First Class,New York,Binders,14.62
7051,11-12-2016,CA-2017-165330,OFF-BI-10004593,Binders,Ibico,Ibico Laser Imprintable Binding System Covers,Incorrect Product Shipped,Customer received covers that were not printer friendly - K Lawrence,Office Supplies,New York City,United States,AP-10720,Anne Pryor,0.2,03-03-2015,CA-2015-127964,10035,OFF-BI-10004593,Ibico Laser Imprintable Binding System Covers,40.872,3,East,1164,Home Office,08-03-2015,Standard Class,New York,Binders,125.76
1219,09-09-2017,US-2018-118087,TEC-AC-10003174,Accessories,Plantronics,Plantronics S12 Corded Telephone Headset System,Incorrect Product Ordered,Customer meant to order coreless phone - L Jenkins,Technology,Philadelphia,United States,SP-20620,Stefania Perrino,0.2,09-09-2018,US-2018-118087,19134,TEC-AC-10003174,Plantronics S12 Corded Telephone Headset System,64.674,3,East,1219,Corporate,13-09-2018,Standard Class,Pennsylvania,Accessories,258.69
1943,29-08-2017,CA-2018-144064,OFF-ST-10004507,Storage,Advantus,Advantus Rolling Storage Box,Incorrect Product Shipped,Justomer received boxes without wheels. - S Kelly,Office Supplies,Lorain,United States,AB-10255,Alejandro Ballentine,0.2,02-06-2018,CA-2018-127705,44052,OFF-ST-10004507,Advantus Rolling Storage Box,2.401,2,East,1332,Home Office,06-06-2018,Standard Class,Ohio,Storage,27.44
6531,23-02-2014,CA-2015-103744,OFF-BI-10000320,Binders,GBC,GBC Plastic Binding Combs,General,Customer thought binding combs could be manually used - F. Azad,Office Supplies,Niagara Falls,United States,NP-18685,Nora Pelletier,0.2,19-11-2017,CA-2017-113138,14304,OFF-BI-10000320,GBC Plastic Binding Combs,6.4206,3,East,1476,Home Office,25-11-2017,Standard Class,New York,Binders,17.71
4750,24-12-2016,CA-2017-123526,OFF-PA-10002986,Paper,Xerox,Xerox 1898,Incorrect Product Shipped,Customer never received this item. Issuing refund - L Smith,Office Supplies,Cleveland,United States,CL-12565,Clay Ludtke,0.2,08-05-2017,CA-2017-106530,44105,OFF-PA-10002986,Xerox 1898,3.7408,2,East,1632,Consumer,08-05-2017,Same Day,Ohio,Paper,10.68
6094,20-09-2017,CA-2018-100111,TEC-AC-10001465,Accessories,SanDisk,SanDisk Cruzer 64 GB USB Flash Drive,Defective,appeared to be corrupt - L Jenkins,Technology,Cleveland,United States,CL-12565,Clay Ludtke,0.2,08-05-2017,CA-2017-106530,44105,TEC-AC-10001465,SanDisk Cruzer 64 GB USB Flash Drive,7.264,2,East,1635,Consumer,08-05-2017,Same Day,Ohio,Accessories,58.11
1186,24-11-2014,CA-2015-127131,OFF-ST-10002344,Storage,Carina,"Carina 42""Hx23 3/4""W Media Storage Unit",Incorrect Product Ordered,customer thought item was out of cart. - F Azad,Office Supplies,Philadelphia,United States,SB-20290,Sean Braxton,0.2,07-09-2015,CA-2015-122882,19134,OFF-ST-10002344,"Carina 42""Hx23 3/4""W Media Storage Unit",-14.5764,1,East,1679,Corporate,13-09-2015,Standard Class,Pennsylvania,Storage,64.78
6531,23-02-2014,CA-2015-103744,OFF-BI-10000320,Binders,GBC,GBC Plastic Binding Combs,General,Customer thought binding combs could be manually used - F. Azad,Office Supplies,New York City,United States,ND-18370,Natalie DeCherney,0.2,13-07-2016,CA-2016-114069,10035,OFF-BI-10000320,GBC Plastic Binding Combs,4.2804,2,East,1701,Consumer,15-07-2016,Second Class,New York,Binders,11.8
2100,07-09-2017,CA-2018-124401,TEC-AC-10002926,Accessories,Logitech,Logitech Wireless Marathon Mouse M705,Incorrect Product Ordered,Customer thought item was bluetooth - K Lawrence,Technology,Philadelphia,United States,JA-15970,Joseph Airdo,0.2,22-09-2018,CA-2018-158379,19134,TEC-AC-10002926,Logitech Wireless Marathon Mouse M705,22.9954,2,East,1805,Consumer,26-09-2018,Second Class,Pennsylvania,Accessories,79.98
2148,25-06-2016,US-2017-152051,OFF-ST-10001713,Storage,Gould Plastics,"Gould Plastics 9-Pocket Panel Bin, 18-3/8w x 5-1/4d x 20-1/2h, Black",No Longer Needed,Customer ordered too many - K Lawrence,Office Supplies,York,United States,TS-21160,Theresa Swint,0.2,25-06-2017,US-2017-152051,17403,OFF-ST-10001713,"Gould Plastics 9-Pocket Panel Bin, 18-3/8w x 5-1/4d x 20-1/2h, Black",-50.8704,6,East,2148,Corporate,29-06-2017,Standard Class,Pennsylvania,Storage,254.35
3824,14-09-2015,CA-2016-140984,OFF-ST-10000585,Storage,Other,Economy Rollaway Files,Incorrect Product Ordered,Customer meant to order full filing cabinet - S Kelly,Office Supplies,Bowling Green,United States,NP-18700,Nora Preis,0.2,05-09-2015,CA-2015-106572,43402,OFF-ST-10000585,Economy Rollaway Files,19.824,2,East,2516,Consumer,10-09-2015,Standard Class,Ohio,Storage,264.31
1611,26-05-2014,CA-2015-156349,FUR-BO-10000362,Bookcases,Sauder,Sauder Inglewood Library Bookcases,Incorrect Product Ordered,customer didn't know item was in cart - C Arnold,Furniture,New York City,United States,EN-13780,Edward Nazzal,0.2,04-06-2017,CA-2017-165848,10035,FUR-BO-10000362,Sauder Inglewood Library Bookcases,5.1294,1,East,2604,Consumer,04-06-2017,Same Day,New York,Bookcases,136.78
7079,02-09-2016,CA-2017-106950,OFF-AP-10000159,Appliances,Belkin,Belkin F9M820V08 8 Outlet Surge,Incorrect Product Ordered,Customer meant to order 10 outlet item - L Jenkins,Office Supplies,Philadelphia,United States,RW-19690,Robert Waldorf,0.2,15-01-2018,CA-2018-167752,19134,OFF-AP-10000159,Belkin F9M820V08 8 Outlet Surge,3.8682,1,East,2767,Consumer,18-01-2018,First Class,Pennsylvania,Appliances,34.38
2844,18-05-2017,CA-2018-112865,TEC-AC-10000387,Accessories,KeyTronic,KeyTronic KT800P2 - Keyboard - Black,Incorrect Product Shipped,Customer did not receive this iten - E Williams,Technology,Philadelphia,United States,BH-11710,Brosina Hoffman,0.2,18-05-2018,CA-2018-112865,19140,TEC-AC-10000387,KeyTronic KT800P2 - Keyboard - Black,-0.9012,3,East,2844,Consumer,22-05-2018,Standard Class,Pennsylvania,Accessories,36.04
521,22-03-2015,CA-2016-157812,OFF-ST-10000736,Storage,Carina,Carina Double Wide Media Storage Towers in Natural & Black,No Longer Needed,customer found cheaper item on discount site - S Kelly,Office Supplies,Philadelphia,United States,KC-16255,Karen Carlisle,0.2,02-06-2017,US-2017-128293,19120,OFF-ST-10000736,Carina Double Wide Media Storage Towers in Natural & Black,-12.9568,1,East,2851,Corporate,05-06-2017,First Class,Pennsylvania,Storage,64.78
1402,01-11-2016,CA-2017-159212,OFF-EN-10002230,Envelopes,Other,Airmail Envelopes,No Longer Needed,customer ordered to many - G Lindsay,Office Supplies,Philadelphia,United States,JF-15565,Jill Fjeld,0.2,11-10-2015,US-2015-126571,19120,OFF-EN-10002230,Airmail Envelopes,67.9833,3,East,3267,Consumer,15-10-2015,Standard Class,Pennsylvania,Envelopes,201.43
2148,25-06-2016,US-2017-152051,OFF-ST-10001713,Storage,Gould Plastics,"Gould Plastics 9-Pocket Panel Bin, 18-3/8w x 5-1/4d x 20-1/2h, Black",No Longer Needed,Customer ordered too many - K Lawrence,Office Supplies,Philadelphia,United States,JO-15145,Jack O'Briant,0.2,29-07-2017,CA-2017-116344,19140,OFF-ST-10001713,"Gould Plastics 9-Pocket Panel Bin, 18-3/8w x 5-1/4d x 20-1/2h, Black",-16.9568,2,East,3445,Corporate,02-08-2017,Standard Class,Pennsylvania,Storage,84.78
1482,02-12-2016,US-2017-108455,OFF-ST-10002214,Storage,Other,X-Rack File for Hanging Folders,General,Customer meant to order legel size - R Chen,Office Supplies,Newark,United States,GB-14530,George Bell,0.2,28-04-2015,CA-2015-140228,43055,OFF-ST-10002214,X-Rack File for Hanging Folders,2.0322,3,East,3610,Corporate,03-05-2015,Standard Class,Ohio,Storage,27.09
779,21-08-2015,CA-2016-144267,OFF-PA-10000157,Paper,Xerox,Xerox 191,No Longer Needed,customer ordered too much paper. - G. Lindsay,Office Supplies,Philadelphia,United States,ML-17410,Maris LaWare,0.2,06-11-2018,CA-2018-154109,19143,OFF-PA-10000157,Xerox 191,16.1838,3,East,3676,Consumer,11-11-2018,Standard Class,Pennsylvania,Paper,47.95
3972,22-02-2015,CA-2016-132374,OFF-AR-10001615,Art,Newell,Newell 34,Incorrect Product Ordered,Customer didn't realise pencils were in the cart - F Azad,Office Supplies,Newark,United States,LC-16870,Lena Cacioppo,0.2,28-02-2017,CA-2017-111283,43055,OFF-AR-10001615,Newell 34,8.3328,7,East,3758,Consumer,04-03-2017,Standard Class,Ohio,Art,111.1
6531,23-02-2014,CA-2015-103744,OFF-BI-10000320,Binders,GBC,GBC Plastic Binding Combs,General,Customer thought binding combs could be manually used - F. Azad,Office Supplies,New York City,United States,JM-15250,Janet Martin,0.2,29-03-2017,CA-2017-167556,10009,OFF-BI-10000320,GBC Plastic Binding Combs,14.9814,7,East,3976,Consumer,02-04-2017,Standard Class,New York,Binders,41.32
5709,08-05-2015,US-2016-160857,OFF-SU-10000157,Supplies,Other,Compact Automatic Electric Letter Opener,Incorrect Product Ordered,Customer meant to remove this from cart before ordering - L Smith,Office Supplies,Lancaster,United States,MS-17770,Maxwell Schwartz,0.2,03-11-2015,CA-2015-137589,17602,OFF-SU-10000157,Compact Automatic Electric Letter Opener,-64.4274,3,East,3991,Consumer,08-11-2015,Standard Class,Pennsylvania,Supplies,286.34
6062,10-04-2015,CA-2016-134201,OFF-AR-10002804,Art,Other,Faber Castell Col-Erase Pencils,General,customer ordered too many. - M Gomez,Office Supplies,Lakewood,United States,DE-13255,Deanra Eno,0.2,22-08-2015,CA-2015-123253,44107,OFF-AR-10002804,Faber Castell Col-Erase Pencils,1.0269,1,East,4303,Home Office,25-08-2015,Second Class,Ohio,Art,3.91
1763,05-09-2015,CA-2016-130785,FUR-BO-10003159,Bookcases,Sauder,"Sauder Camden County Collection Libraries, Planked Cherry Finish",No Longer Needed,Customer found better deal elsewhere - M Gomez,Furniture,New York City,United States,CD-11920,Carlos Daly,0.2,20-11-2018,CA-2018-111556,10035,FUR-BO-10003159,"Sauder Camden County Collection Libraries, Planked Cherry Finish",-25.2956,2,East,4390,Consumer,22-11-2018,First Class,New York,Bookcases,183.96
2623,03-12-2014,CA-2015-164861,OFF-PA-10001972,Paper,Xerox,Xerox 214,Incorrect Product Shipped,"customer received cardstock paper, instead of the printer paper - C Arnold",Office Supplies,Columbus,United States,JK-15730,Joe Kamberova,0.2,01-12-2015,CA-2015-150798,43229,OFF-PA-10001972,Xerox 214,12.7008,7,East,4494,Consumer,03-12-2015,Second Class,Ohio,Paper,36.28
8954,22-12-2017,CA-2018-150910,OFF-AP-10003266,Appliances,Holmes,"Holmes Replacement Filter for HEPA Air Cleaner, Large Room",Incorrect Product Ordered,Customer ordered wromng size - M Gomez,Office Supplies,Philadelphia,United States,SV-20785,Stewart Visinsky,0.2,03-05-2016,CA-2016-112130,19140,OFF-AP-10003266,"Holmes Replacement Filter for HEPA Air Cleaner, Large Room",6.5164,2,East,4658,Consumer,07-05-2016,Standard Class,Pennsylvania,Appliances,23.69
5971,20-07-2014,CA-2015-141726,OFF-PA-10002230,Paper,Xerox,Xerox 1897,Incorrect Product Ordered,customer didn't know item was in cart - R. Duchesne,Office Supplies,Philadelphia,United States,SV-20785,Stewart Visinsky,0.2,03-05-2016,CA-2016-112130,19140,OFF-PA-10002230,Xerox 1897,2.8884,2,East,4659,Consumer,07-05-2016,Standard Class,Pennsylvania,Paper,7.96
5398,20-11-2016,CA-2017-145492,OFF-AP-10003622,Appliances,Other,"Bravo II Megaboss 12-Amp Hard Body Upright, Replacement Belts, 2 Belts per Pack",No Longer Needed,customer found item cheaper at online discount store - R Chen,Office Supplies,Philadelphia,United States,SV-20785,Stewart Visinsky,0.2,03-05-2016,CA-2016-112130,19140,OFF-AP-10003622,"Bravo II Megaboss 12-Amp Hard Body Upright, Replacement Belts, 2 Belts per Pack",2.0475,7,East,4660,Consumer,07-05-2016,Standard Class,Pennsylvania,Appliances,18.19
203,03-08-2014,CA-2015-133690,OFF-AP-10003622,Appliances,Other,"Bravo II Megaboss 12-Amp Hard Body Upright, Replacement Belts, 2 Belts per Pack",Incorrect Product Ordered,belts didn't fit customers existing machine - L Jenkins,Office Supplies,Philadelphia,United States,SV-20785,Stewart Visinsky,0.2,03-05-2016,CA-2016-112130,19140,OFF-AP-10003622,"Bravo II Megaboss 12-Amp Hard Body Upright, Replacement Belts, 2 Belts per Pack",2.0475,7,East,4660,Consumer,07-05-2016,Standard Class,Pennsylvania,Appliances,18.19
1763,05-09-2015,CA-2016-130785,FUR-BO-10003159,Bookcases,Sauder,"Sauder Camden County Collection Libraries, Planked Cherry Finish",No Longer Needed,Customer found better deal elsewhere - M Gomez,Furniture,New York City,United States,MP-18175,Mike Pelletier,0.2,25-11-2015,CA-2015-119151,10009,FUR-BO-10003159,"Sauder Camden County Collection Libraries, Planked Cherry Finish",-37.9434,3,East,4728,Home Office,29-11-2015,Second Class,New York,Bookcases,275.95
3712,15-10-2017,CA-2018-113670,OFF-PA-10000675,Paper,Xerox,Xerox 1919,No Longer Needed,doesn't need the paper now- S. Kelly,Office Supplies,Lancaster,United States,SC-20440,Shaun Chance,0.2,24-11-2018,CA-2018-131366,17602,OFF-PA-10000675,Xerox 1919,83.2097,7,East,4871,Corporate,29-11-2018,Standard Class,Pennsylvania,Paper,229.54
5971,20-07-2014,CA-2015-141726,OFF-PA-10002230,Paper,Xerox,Xerox 1897,Incorrect Product Ordered,customer didn't know item was in cart - R. Duchesne,Office Supplies,Parma,United States,AC-10660,Anna Chung,0.2,15-10-2015,US-2015-122021,44134,OFF-PA-10002230,Xerox 1897,2.8884,2,East,4899,Consumer,17-10-2015,First Class,Ohio,Paper,7.96
6791,16-11-2016,CA-2017-124527,OFF-BI-10004967,Binders,Other,Round Ring Binders,No Longer Needed,"item was received too late, customer found item in store first - S Kelly",Office Supplies,New York City,United States,AJ-10795,Anthony Johnson,0.2,26-12-2017,CA-2017-123015,10024,OFF-BI-10004967,Round Ring Binders,1.6848,3,East,5178,Corporate,30-12-2017,Standard Class,New York,Binders,4.99
19,27-08-2014,CA-2015-143336,OFF-AR-10003056,Art,Newell,Newell 341,Incorrect Product Ordered,Customer tried to remove item before ordering - EWilliams,Office Supplies,Philadelphia,United States,MC-17605,Matt Connell,0.2,28-04-2018,CA-2018-160962,19143,OFF-AR-10003056,Newell 341,0.7704,2,East,5456,Corporate,02-05-2018,Standard Class,Pennsylvania,Art,6.84
5458,29-12-2017,CA-2018-130631,FUR-FU-10004093,Furnishings,Other,Hand-Finished Solid Wood Document Frame,No Longer Needed,Found item for a better deal online - S Kelly,Furniture,Philadelphia,United States,MS-17980,Michael Stewart,0.2,04-12-2018,CA-2018-117667,19134,FUR-FU-10004093,Hand-Finished Solid Wood Document Frame,6.846,2,East,5519,Corporate,09-12-2018,Standard Class,Pennsylvania,Furnishings,54.76
7431,17-03-2014,US-2015-164763,OFF-PA-10003063,Paper,Other,EcoTones Memo Sheets,Incorrect Product Ordered,customer didn't know item was in cart - C Arnold,Office Supplies,Lakewood,United States,JK-15640,Jim Kriz,0.2,23-09-2015,CA-2015-147900,44107,OFF-PA-10003063,EcoTones Memo Sheets,10.08,9,East,5641,Home Office,28-09-2015,Standard Class,Ohio,Paper,28.8
7197,26-04-2014,CA-2015-116785,OFF-AR-10003504,Art,Newell,Newell 347,Incorrect Product Ordered,Customer didn't realize wishlist item was in the cart. - S Kelly,Office Supplies,Springfield,United States,JP-16135,Julie Prescott,0.2,12-05-2018,US-2018-106796,45503,OFF-AR-10003504,Newell 347,1.1556,3,East,5804,Home Office,19-05-2018,Standard Class,Ohio,Art,10.27
5341,09-11-2015,CA-2016-146486,TEC-AC-10002018,Accessories,Other,AmazonBasics 3-Button USB Wired Mouse,Product Listed Incorrectly,Desc. Listed mouse as rechargable; actual product takes AAA batteries - F Azad,Technology,Philadelphia,United States,RL-19615,Rob Lucas,0.2,07-07-2018,US-2018-169551,19120,TEC-AC-10002018,AmazonBasics 3-Button USB Wired Mouse,4.8231,3,East,5934,Consumer,09-07-2018,First Class,Pennsylvania,Accessories,16.77
7718,06-01-2015,CA-2016-149636,OFF-BI-10002764,Binders,Other,Recycled Pressboard Report Cover with Reinforced Top Hinge,Defective,item was torn - R Duchesne,Office Supplies,Mount Vernon,United States,SP-20545,Sibella Parks,0.2,13-10-2015,CA-2015-123316,10550,OFF-BI-10002764,Recycled Pressboard Report Cover with Reinforced Top Hinge,2.8101,3,East,6322,Corporate,17-10-2015,Standard Class,New York,Binders,7.75
4350,24-11-2017,CA-2018-169894,OFF-ST-10000060,Storage,Fellowes,Fellowes Bankers Box Staxonsteel Drawer File/Stacking System,General,customer never received this item. Bought a different set at Target. - R. Chen,Office Supplies,Philadelphia,United States,JC-15775,John Castell,0.2,25-07-2018,CA-2018-121293,19143,OFF-ST-10000060,Fellowes Bankers Box Staxonsteel Drawer File/Stacking System,-25.992,5,East,6786,Consumer,28-07-2018,Second Class,Pennsylvania,Storage,259.92
2536,06-09-2015,CA-2016-143238,TEC-AC-10003499,Accessories,Memorex,Memorex Mini Travel Drive 8 GB USB 2.0 Flash Drive,Defective,Appeared to be corrupt - E   Williams,Technology,Springfield,United States,HA-14905,Helen Abelman,0.2,10-09-2018,CA-2018-123036,45503,TEC-AC-10003499,Memorex Mini Travel Drive 8 GB USB 2.0 Flash Drive,8.8008,4,East,6886,Consumer,17-09-2018,Standard Class,Ohio,Accessories,37.05
5709,08-05-2015,US-2016-160857,OFF-SU-10000157,Supplies,Other,Compact Automatic Electric Letter Opener,Incorrect Product Ordered,Customer meant to remove this from cart before ordering - L Smith,Office Supplies,Chester,United States,AH-10075,Adam Hart,0.2,25-09-2018,CA-2018-112004,19013,OFF-SU-10000157,Compact Automatic Electric Letter Opener,-42.9516,2,East,7087,Corporate,28-09-2018,First Class,Pennsylvania,Supplies,190.89
3926,17-09-2014,CA-2015-103940,OFF-ST-10000943,Storage,Eldon,Eldon ProFile File 'N Store Portable File Tub Letter/Legal Size Black,Incorrect Product Ordered,customer didn't realize that product was in cart - L Jenkins,Office Supplies,Philadelphia,United States,NB-18655,Nona Balk,0.2,10-02-2016,CA-2016-101126,19143,OFF-ST-10000943,Eldon ProFile File 'N Store Portable File Tub Letter/Legal Size Black,7.724,5,East,7298,Corporate,14-02-2016,Second Class,Pennsylvania,Storage,77.23
2013,11-12-2015,CA-2016-155761,OFF-ST-10000943,Storage,Eldon,Eldon ProFile File 'N Store Portable File Tub Letter/Legal Size Black,Product Listed Incorrectly,item that was shipped was actually a dark gray - F Azad,Office Supplies,Philadelphia,United States,NB-18655,Nona Balk,0.2,10-02-2016,CA-2016-101126,19143,OFF-ST-10000943,Eldon ProFile File 'N Store Portable File Tub Letter/Legal Size Black,7.724,5,East,7298,Corporate,14-02-2016,Second Class,Pennsylvania,Storage,77.23
4720,18-04-2015,CA-2016-142601,OFF-ST-10002756,Storage,Tennsco,"Tennsco Stur-D-Stor Boltless Shelving, 5 Shelves, 24"" Deep, Sand",Incorrect Product Ordered,customer meant to order different color. - C Arnold,Office Supplies,Philadelphia,United States,BW-11065,Barry Weirich,0.2,01-06-2018,CA-2018-157413,19120,OFF-ST-10002756,"Tennsco Stur-D-Stor Boltless Shelving, 5 Shelves, 24"" Deep, Sand",-77.1267,3,East,7801,Consumer,06-06-2018,Standard Class,Pennsylvania,Storage,324.74
7243,23-04-2017,CA-2018-136651,FUR-FU-10004864,Furnishings,Eldon,Eldon 500 Class Desk Accessories,General,didn't match customers décor - R Chen,Furniture,Philadelphia,United States,KM-16660,Khloe Miller,0.2,01-08-2017,CA-2017-132990,19140,FUR-FU-10004864,Eldon 500 Class Desk Accessories,3.1382,2,East,9155,Consumer,03-08-2017,Second Class,Pennsylvania,Furnishings,19.31
4168,11-10-2014,CA-2015-157924,OFF-ST-10002352,Storage,Iris,Iris Project Case,Incorrect Product Ordered,Customer didn't realize item was still in cart. - M Gomez,Office Supplies,Philadelphia,United States,JW-15955,Joni Wasserman,0.2,16-08-2016,US-2016-164238,19120,OFF-ST-10002352,Iris Project Case,3.3516,7,East,9219,Consumer,20-08-2016,Standard Class,Pennsylvania,Storage,44.68
5760,30-12-2016,US-2017-111528,OFF-ST-10001526,Storage,Iceberg,Iceberg Mobile Mega Data/Printer Cart,Incorrect Product Ordered,Printer did not fit on this cart - E Williams,Office Supplies,Philadelphia,United States,SC-20020,Sam Craven,0.2,10-11-2016,CA-2016-147690,19140,OFF-ST-10001526,Iceberg Mobile Mega Data/Printer Cart,43.3188,6,East,9552,Consumer,14-11-2016,Standard Class,Pennsylvania,Storage,577.58
7197,26-04-2014,CA-2015-116785,OFF-AR-10003504,Art,Newell,Newell 347,Incorrect Product Ordered,Customer didn't realize wishlist item was in the cart. - S Kelly,Office Supplies,Columbus,United States,MB-17305,Maria Bertelson,0.2,24-09-2016,CA-2016-113131,43229,OFF-AR-10003504,Newell 347,1.926,5,East,9574,Consumer,24-09-2016,Same Day,Ohio,Art,17.12
1186,24-11-2014,CA-2015-127131,OFF-ST-10002344,Storage,Carina,"Carina 42""Hx23 3/4""W Media Storage Unit",Incorrect Product Ordered,customer thought item was out of cart. - F Azad,Office Supplies,Lancaster,United States,HG-14965,Henry Goldwyn,0.2,04-11-2018,US-2018-122672,43130,OFF-ST-10002344,"Carina 42""Hx23 3/4""W Media Storage Unit",-43.7292,3,East,9607,Corporate,09-11-2018,Standard Class,Ohio,Storage,194.35
2252,15-02-2015,CA-2016-116092,OFF-PA-10000477,Paper,Xerox,Xerox 22,Incorrect Product Ordered,Customer didn't realize item was in cart - M Gomez,Office Supplies,Philadelphia,United States,FM-14290,Frank Merwin,0.2,23-12-2017,CA-2017-114867,19143,OFF-PA-10000477,Xerox 1952,2.6892,2,East,9673,Home Office,28-12-2017,Standard Class,Pennsylvania,Paper,7.96
6577,03-03-2017,CA-2018-123085,FUR-CH-10003968,Chairs,Novimex,Novimex Turbo Task Chair,Incorrect Product Ordered,Customer didn't want a rolling chair - M Gomez,Furniture,Troy,United States,TB-21055,Ted Butterfield,0.1,17-06-2017,CA-2017-111682,12180,FUR-CH-10003968,Novimex Turbo Task Chair,7.098,5,East,58,Consumer,18-06-2017,First Class,New York,Chairs,319.41
4228,05-01-2015,CA-2016-154970,FUR-CH-10003396,Chairs,Global,Global Deluxe Steno Chair,Defective,armrests would not adjust - M Gomez,Furniture,New York City,United States,CV-12805,Cynthia Voltz,0.1,20-01-2018,CA-2018-157252,10024,FUR-CH-10003396,Global Deluxe Steno Chair,2.3094,3,East,440,Corporate,23-01-2018,Second Class,New York,Chairs,207.84
8892,16-09-2016,CA-2017-162159,FUR-CH-10001146,Chairs,Global,"Global Value Mid-Back Manager's Chair, Gray",Incorrect Product Shipped,Black chair was shipped - C Arnold,Furniture,New York City,United States,LF-17185,Luke Foster,0.1,05-03-2016,CA-2016-109512,10011,FUR-CH-10001146,"Global Value Mid-Back Manager's Chair, Gray",63.9345,7,East,1882,Consumer,05-03-2016,Same Day,New York,Chairs,383.6
800,27-11-2015,CA-2016-101910,FUR-CH-10002647,Chairs,Other,"Situations Contoured Folding Chairs, 4/Set",Defective,only three chairs were delivered in package - M Gomez,Furniture,Watertown,United States,MA-17995,Michelle Arnett,0.1,27-06-2018,CA-2018-123638,13601,FUR-CH-10002647,"Situations Contoured Folding Chairs, 4/Set",31.941,3,East,2957,Home Office,04-07-2018,Standard Class,New York,Chairs,191.64
5780,11-11-2014,CA-2015-105270,FUR-CH-10000988,Chairs,Hon,Hon Olson Stacker Stools,Incorrect Product Ordered,Customer didn't realize item was in cart - L Jenkins,Furniture,New York City,United States,BS-11365,Bill Shonely,0.1,19-09-2015,CA-2015-168130,10011,FUR-CH-10000988,Hon Olson Stacker Stools,177.4206,7,East,4251,Corporate,19-09-2015,Same Day,New York,Chairs,887.1
800,27-11-2015,CA-2016-101910,FUR-CH-10002647,Chairs,Other,"Situations Contoured Folding Chairs, 4/Set",Defective,only three chairs were delivered in package - M Gomez,Furniture,Buffalo,United States,MH-18025,Michelle Huthwaite,0.1,08-07-2015,CA-2015-150301,14215,FUR-CH-10002647,"Situations Contoured Folding Chairs, 4/Set",10.647,1,East,4780,Consumer,10-07-2015,First Class,New York,Chairs,63.88
800,27-11-2015,CA-2016-101910,FUR-CH-10002647,Chairs,Other,"Situations Contoured Folding Chairs, 4/Set",Defective,only three chairs were delivered in package - M Gomez,Furniture,New York City,United States,NW-18400,Natalie Webber,0.1,08-05-2016,US-2016-160857,10024,FUR-CH-10002647,"Situations Contoured Folding Chairs, 4/Set",21.294,2,East,5710,Consumer,15-05-2016,Standard Class,New York,Chairs,127.76
6577,03-03-2017,CA-2018-123085,FUR-CH-10003968,Chairs,Novimex,Novimex Turbo Task Chair,Incorrect Product Ordered,Customer didn't want a rolling chair - M Gomez,Furniture,New York City,United States,DM-13345,Denise Monton,0.1,16-04-2016,CA-2016-142734,10024,FUR-CH-10003968,Novimex Turbo Task Chair,2.8392,2,East,7583,Corporate,21-04-2016,Standard Class,New York,Chairs,127.76
4228,05-01-2015,CA-2016-154970,FUR-CH-10003396,Chairs,Global,Global Deluxe Steno Chair,Defective,armrests would not adjust - M Gomez,Furniture,New York City,United States,HR-14830,Harold Ryan,0.1,24-03-2018,CA-2018-166184,10035,FUR-CH-10003396,Global Deluxe Steno Chair,2.3094,3,East,7800,Corporate,27-03-2018,First Class,New York,Chairs,207.84
5792,29-09-2017,CA-2018-140186,FUR-CH-10002961,Chairs,Other,"Leather Task Chair, Black",Defective,Leather was torn in back - K Lawrence,Furniture,New York City,United States,JK-15370,Jay Kimmel,0.1,21-08-2017,CA-2017-122581,10035,FUR-CH-10002961,"Leather Task Chair, Black",63.686,7,East,9880,Consumer,25-08-2017,Standard Class,New York,Chairs,573.17
4720,18-04-2015,CA-2016-142601,OFF-ST-10002756,Storage,Tennsco,"Tennsco Stur-D-Stor Boltless Shelving, 5 Shelves, 24"" Deep, Sand",Incorrect Product Ordered,customer meant to order different color. - C Arnold,Office Supplies,Belleville,United States,JD-15895,Jonathan Doherty,0,28-10-2017,CA-2017-142545,7109,OFF-ST-10002756,"Tennsco Stur-D-Stor Boltless Shelving, 5 Shelves, 24"" Deep, Sand",10.8248,8,East,300,Corporate,03-11-2017,Standard Class,New Jersey,Storage,1082.48
91,17-09-2016,CA-2017-109806,TEC-PH-10004093,Phones,Panasonic,Panasonic Kx-TS550,No Longer Needed,Customer found comparable product at local store - R Chen,Technology,New York City,United States,NM-18445,Nathan Mautz,0,04-11-2015,CA-2015-164973,10024,TEC-PH-10004093,Panasonic Kx-TS550,80.0226,6,East,320,Home Office,09-11-2015,Standard Class,New York,Phones,275.94
463,22-04-2016,CA-2017-109869,FUR-FU-10000023,Furnishings,Eldon,Eldon Wave Desk Accessories,No Longer Needed,Customer bought comperable item at local store - R Chen,Furniture,New York City,United States,KW-16435,Katrina Willman,0,25-09-2018,CA-2018-144904,10009,FUR-FU-10000023,Eldon Wave Desk Accessories,20.7328,8,East,365,Consumer,01-10-2018,Standard Class,New York,Furnishings,47.11
4750,24-12-2016,CA-2017-123526,OFF-PA-10002986,Paper,Xerox,Xerox 1898,Incorrect Product Shipped,Customer never received this item. Issuing refund - L Smith,Office Supplies,New York City,United States,AS-10135,Adrian Shami,0,19-11-2018,CA-2018-162929,10035,OFF-PA-10002986,Xerox 1898,6.4128,2,East,548,Home Office,22-11-2018,First Class,New York,Paper,13.35
1943,29-08-2017,CA-2018-144064,OFF-ST-10004507,Storage,Advantus,Advantus Rolling Storage Box,Incorrect Product Shipped,Justomer received boxes without wheels. - S Kelly,Office Supplies,New York City,United States,DJ-13630,Doug Jacobs,0,19-11-2017,CA-2017-164511,10024,OFF-ST-10004507,Advantus Rolling Storage Box,18.522,4,East,683,Consumer,24-11-2017,Standard Class,New York,Storage,68.59
3677,05-12-2015,CA-2016-156440,FUR-FU-10004090,Furnishings,Executive Impressions,"Executive Impressions 14"" Contract Wall Clock",Incorrect Product Ordered,Customer wanted digital clock - G Lindsay,Furniture,New York City,United States,GT-14710,Greg Tran,0,19-02-2017,CA-2017-123274,10035,FUR-FU-10004090,"Executive Impressions 14"" Contract Wall Clock",14.6718,2,East,854,Consumer,24-02-2017,Standard Class,New York,Furnishings,44.46
521,22-03-2015,CA-2016-157812,OFF-ST-10000736,Storage,Carina,Carina Double Wide Media Storage Towers in Natural & Black,No Longer Needed,customer found cheaper item on discount site - S Kelly,Office Supplies,New York City,United States,GT-14710,Greg Tran,0,19-02-2017,CA-2017-123274,10035,OFF-ST-10000736,Carina Double Wide Media Storage Towers in Natural & Black,9.7176,3,East,855,Consumer,24-02-2017,Standard Class,New York,Storage,242.94
4059,20-11-2015,CA-2016-124058,TEC-PH-10004774,Phones,Other,Gear Head AU3700S Headset,No Longer Needed,Customer found his headset. No longer needs this item - L Jenkins,Technology,New York City,United States,PO-18865,Patrick O'Donnell,0,30-12-2018,CA-2018-143259,10009,TEC-PH-10004774,Gear Head AU3700S Headset,2.7279,7,East,908,Consumer,03-01-2019,Standard Class,New York,Phones,90.93
5760,30-12-2016,US-2017-111528,OFF-ST-10001526,Storage,Iceberg,Iceberg Mobile Mega Data/Printer Cart,Incorrect Product Ordered,Printer did not fit on this cart - E Williams,Office Supplies,New York City,United States,KM-16225,Kalyca Meade,0,06-07-2016,CA-2016-108665,10011,OFF-ST-10001526,Iceberg Mobile Mega Data/Printer Cart,156.429,5,East,1020,Corporate,10-07-2016,Standard Class,New York,Storage,601.64
5237,20-09-2014,CA-2015-166744,FUR-FU-10004952,Furnishings,C-Line,"C-Line Cubicle Keepers Polyproplyene Holder w/Velcro Back, 8-1/2x11, 25/Bx",Incorrect Product Ordered,The item DID NOT satisfy customer requirements. - c arnold,Furniture,New York City,United States,DL-13315,Delfina Latchford,0,08-12-2018,CA-2018-145226,10035,FUR-FU-10004952,"C-Line Cubicle Keepers Polyproplyene Holder w/Velcro Back, 8-1/2x11, 25/Bx",33.9388,2,East,1168,Consumer,10-12-2018,Second Class,New York,Furnishings,109.48
4168,11-10-2014,CA-2015-157924,OFF-ST-10002352,Storage,Iris,Iris Project Case,Incorrect Product Ordered,Customer didn't realize item was still in cart. - M Gomez,Office Supplies,New York City,United States,DL-13315,Delfina Latchford,0,08-12-2018,CA-2018-145226,10035,OFF-ST-10002352,Iris Project Case,8.2992,4,East,1171,Consumer,10-12-2018,Second Class,New York,Storage,31.92
5268,30-09-2017,CA-2018-147452,OFF-AP-10001626,Appliances,Other,"Commercial WindTunnel Clean Air Upright Vacuum, Replacement Belts, Filtration Bags",No Longer Needed,Customer found belts he alrady had - R Chen,Office Supplies,Bridgeton,United States,JM-15655,Jim Mitchum,0,29-10-2017,CA-2017-112389,8302,OFF-AP-10001626,"Commercial WindTunnel Clean Air Upright Vacuum, Replacement Belts, Filtration Bags",3.0342,3,East,1537,Corporate,02-11-2017,Standard Class,New Jersey,Appliances,11.67
4105,07-08-2017,US-2018-155999,TEC-PH-10000439,Phones,GE,GE DSL Phone Line Filter,No Longer Needed,Customer found better deal at online distributor - L Jenkins,Technology,Everett,United States,CL-11890,Carl Ludwig,0,15-09-2018,CA-2018-121888,2149,TEC-PH-10000439,GE DSL Phone Line Filter,11.5971,1,East,1538,Consumer,17-09-2018,Second Class,Massachusetts,Phones,39.99
1461,01-12-2015,CA-2016-119907,OFF-BI-10001765,Binders,Wilson Jones,Wilson Jones Heavy-Duty Casebound Ring Binders with Metal Hinges,Defective,one of the rings wouldn't close - S. Kelly,Office Supplies,Everett,United States,CL-11890,Carl Ludwig,0,15-09-2018,CA-2018-121888,2149,OFF-BI-10001765,Wilson Jones Heavy-Duty Casebound Ring Binders with Metal Hinges,116.3904,7,East,1541,Consumer,17-09-2018,Second Class,Massachusetts,Binders,242.47
140,13-10-2016,CA-2017-145583,FUR-FU-10001706,Furnishings,Other,Longer-Life Soft White Bulbs,No Longer Needed,customer got item cheaper at online discount store - M Gomez,Furniture,New York City,United States,NP-18325,Naresj Patel,0,09-08-2016,CA-2016-131338,10024,FUR-FU-10001706,Longer-Life Soft White Bulbs,2.9568,2,East,1585,Consumer,12-08-2016,First Class,New York,Furnishings,6.16
5462,28-09-2017,CA-2018-101574,FUR-FU-10001706,Furnishings,Other,Longer-Life Soft White Bulbs,Incorrect Product Ordered,Customer meant to order LED bulbs - K Lawrence,Furniture,New York City,United States,NP-18325,Naresj Patel,0,09-08-2016,CA-2016-131338,10024,FUR-FU-10001706,Longer-Life Soft White Bulbs,2.9568,2,East,1585,Consumer,12-08-2016,First Class,New York,Furnishings,6.16
436,19-12-2014,US-2015-150574,TEC-AC-10002600,Accessories,Belkin,Belkin QODE FastFit Bluetooth Keyboard,Defective,keyboard didn't connect to computer - L Jenkins,Technology,New York City,United States,NP-18325,Naresj Patel,0,09-08-2016,CA-2016-131338,10024,TEC-AC-10002600,Belkin QODE FastFit Bluetooth Keyboard,34.692,4,East,1589,Consumer,12-08-2016,First Class,New York,Accessories,247.8
4168,11-10-2014,CA-2015-157924,OFF-ST-10002352,Storage,Iris,Iris Project Case,Incorrect Product Ordered,Customer didn't realize item was still in cart. - M Gomez,Office Supplies,New York City,United States,MR-17545,Mathew Reese,0,27-08-2018,US-2018-139465,10024,OFF-ST-10002352,Iris Project Case,16.5984,8,East,1796,Home Office,30-08-2018,First Class,New York,Storage,63.84
3483,27-08-2014,CA-2015-124688,TEC-PH-10000455,Phones,Other,GE 30522EE2,Incorrect Product Ordered,Customer thought phone was removed from cart. - C Arnold,Technology,New York City,United States,MR-17545,Mathew Reese,0,27-08-2018,US-2018-139465,10024,TEC-PH-10000455,GE 30522EE2,100.9113,3,East,1797,Home Office,30-08-2018,First Class,New York,Phones,347.97
19,27-08-2014,CA-2015-143336,OFF-AR-10003056,Art,Newell,Newell 341,Incorrect Product Ordered,Customer tried to remove item before ordering - EWilliams,Office Supplies,Meriden,United States,RM-19375,Raymond Messe,0,21-06-2015,CA-2015-141278,6450,OFF-AR-10003056,Newell 341,6.206,5,East,1836,Consumer,24-06-2015,First Class,Connecticut,Art,21.39
3058,19-10-2017,CA-2018-131492,OFF-LA-10001641,Labels,Avery,Avery 518,Incorrect Product Ordered,Ordered too many. - R. Chen,Office Supplies,New York City,United States,AC-10615,Ann Chong,0,02-09-2018,CA-2018-157987,10009,OFF-LA-10001641,Avery 518,9.072,6,East,1953,Corporate,06-09-2018,Standard Class,New York,Labels,18.89
4350,24-11-2017,CA-2018-169894,OFF-ST-10000060,Storage,Fellowes,Fellowes Bankers Box Staxonsteel Drawer File/Stacking System,General,customer never received this item. Bought a different set at Target. - R. Chen,Office Supplies,New York City,United States,IM-15070,Irene Maddox,0,23-06-2017,CA-2017-140501,10009,OFF-ST-10000060,Fellowes Bankers Box Staxonsteel Drawer File/Stacking System,38.988,5,East,2087,Consumer,28-06-2017,Standard Class,New York,Storage,324.89
5237,20-09-2014,CA-2015-166744,FUR-FU-10004952,Furnishings,C-Line,"C-Line Cubicle Keepers Polyproplyene Holder w/Velcro Back, 8-1/2x11, 25/Bx",Incorrect Product Ordered,The item DID NOT satisfy customer requirements. - c arnold,Furniture,Bangor,United States,LA-16780,Laura Armstrong,0,17-09-2017,CA-2017-164091,4401,FUR-FU-10004952,"C-Line Cubicle Keepers Polyproplyene Holder w/Velcro Back, 8-1/2x11, 25/Bx",33.9388,2,East,2257,Corporate,22-09-2017,Standard Class,Maine,Furnishings,109.48
2321,20-03-2017,CA-2018-165491,TEC-AC-10000358,Accessories,Imation,Imation Secure Drive + Hardware Encrypted USB flash drive - 16 GB,Incorrect Product Ordered,Customer meant to order 32 GB - G Lindsay,Technology,Franklin,United States,GM-14455,Gary Mitchum,0,31-12-2015,US-2015-143231,2038,TEC-AC-10000358,Imation Secure Drive + Hardware Encrypted USB flash drive - 16 GB,27.3528,3,East,2343,Home Office,03-01-2016,First Class,Massachusetts,Accessories,113.97
6125,03-06-2017,CA-2018-145772,TEC-AC-10003038,Accessories,Kingston,Kingston Digital DataTraveler 16GB USB 2.0,Defective,appeared to be corrupt - L Jenkins,Technology,New York City,United States,DB-13405,Denny Blanton,0,17-03-2018,CA-2018-140949,10011,TEC-AC-10003038,Kingston Digital DataTraveler 16GB USB 2.0,13.604,8,East,2455,Consumer,22-03-2018,Second Class,New York,Accessories,71.59
1093,06-12-2015,CA-2016-143490,TEC-PH-10000576,Phones,AT&T,AT&T 1080 Corded phone,Product Listed Incorrectly,Website listed cord as 6' and item cord is 5' - G Lindsay,Technology,New York City,United States,CS-12460,Chuck Sachs,0,03-12-2018,CA-2018-148691,10009,TEC-PH-10000576,AT&T 1080 Corded phone,36.9873,1,East,2465,Consumer,09-12-2018,Standard Class,New York,Phones,136.99
1830,18-05-2014,CA-2015-103373,TEC-PH-10002885,Phones,Apple,Apple iPhone 5,Incorrect Product Ordered,The customer didn't realize that the phone was in the cart when he ordered. - R Duchesne,Technology,Jamestown,United States,JM-15865,John Murray,0,19-11-2015,CA-2015-144624,14701,TEC-PH-10002885,Apple iPhone 5,1228.1787,7,East,2493,Consumer,23-11-2015,Standard Class,New York,Phones,4548.81
2844,18-05-2017,CA-2018-112865,TEC-AC-10000387,Accessories,KeyTronic,KeyTronic KT800P2 - Keyboard - Black,Incorrect Product Shipped,Customer did not receive this iten - E Williams,Technology,New York City,United States,HR-14830,Harold Ryan,0,17-03-2016,CA-2016-110632,10009,TEC-AC-10000387,KeyTronic KT800P2 - Keyboard - Black,2.7036,1,East,2564,Corporate,22-03-2016,Second Class,New York,Accessories,15.02
2672,09-09-2014,CA-2015-126403,FUR-CH-10003761,Chairs,Global,Global Italian Leather Office Chair,Incorrect Product Ordered,Customer didn't realize that the item was in the order - M. Gomez,Furniture,Lowell,United States,RR-19525,Rick Reed,0,09-09-2015,CA-2015-126403,1852,FUR-CH-10003761,Global Italian Leather Office Chair,212.1876,6,East,2672,Corporate,12-09-2015,Second Class,Massachusetts,Chairs,785.88
1942,29-08-2017,CA-2018-144064,OFF-LA-10004544,Labels,Avery,Avery 505,Incorrect Product Ordered,Customer meant to order shipping labels - E Williams,Office Supplies,New York City,United States,TC-21295,Toby Carlisle,0,06-05-2018,CA-2018-167668,10035,OFF-LA-10004544,Avery 505,29.6,4,East,2781,Consumer,08-05-2018,First Class,New York,Labels,59.2
213,02-01-2015,CA-2016-146262,OFF-LA-10004544,Labels,Avery,Avery 505,Incorrect Product Ordered,Customer thought item had been removed from cart - S Kelly,Office Supplies,New York City,United States,TC-21295,Toby Carlisle,0,06-05-2018,CA-2018-167668,10035,OFF-LA-10004544,Avery 505,29.6,4,East,2781,Consumer,08-05-2018,First Class,New York,Labels,59.2
5760,30-12-2016,US-2017-111528,OFF-ST-10001526,Storage,Iceberg,Iceberg Mobile Mega Data/Printer Cart,Incorrect Product Ordered,Printer did not fit on this cart - E Williams,Office Supplies,New York City,United States,JB-15400,Jennifer Braxton,0,03-09-2016,US-2016-104185,10009,OFF-ST-10001526,Iceberg Mobile Mega Data/Printer Cart,31.2858,1,East,2840,Corporate,08-09-2016,Second Class,New York,Storage,120.33
2846,17-11-2017,CA-2018-138163,OFF-AR-10001958,Art,Stanley,Stanley Bostitch Contemporary Electric Pencil Sharpeners,Defective,didn't work - S. Kelly,Office Supplies,Everett,United States,XP-21865,Xylona Preis,0,17-11-2018,CA-2018-138163,2149,OFF-AR-10001958,Stanley Bostitch Contemporary Electric Pencil Sharpeners,14.2632,3,East,2846,Consumer,20-11-2018,First Class,Massachusetts,Art,50.93
4105,07-08-2017,US-2018-155999,TEC-PH-10000439,Phones,GE,GE DSL Phone Line Filter,No Longer Needed,Customer found better deal at online distributor - L Jenkins,Technology,New York City,United States,GG-14650,Greg Guthrie,0,18-08-2017,CA-2017-153353,10035,TEC-PH-10000439,GE DSL Phone Line Filter,11.5971,1,East,2956,Corporate,24-08-2017,Standard Class,New York,Phones,39.99
1482,02-12-2016,US-2017-108455,OFF-ST-10002214,Storage,Other,X-Rack File for Hanging Folders,General,Customer meant to order legel size - R Chen,Office Supplies,Rochester,United States,HL-15040,Hunter Lopez,0,03-10-2018,CA-2018-134607,14609,OFF-ST-10002214,X-Rack File for Hanging Folders,5.8708,2,East,2978,Consumer,08-10-2018,Second Class,New York,Storage,22.57
2291,20-04-2015,CA-2016-149342,TEC-PH-10001557,Phones,Pyle,Pyle PMP37LED,Defective,was broken - S Kelly,Technology,Newark,United States,BH-11710,Brosina Hoffman,0,03-03-2017,CA-2017-112123,19711,TEC-PH-10001557,Pyle PMP37LED,129.5865,5,East,3092,Consumer,08-03-2017,Standard Class,Delaware,Phones,479.94
6019,06-04-2014,CA-2015-102652,OFF-PA-10001977,Paper,Xerox,Xerox 194,Incorrect Product Ordered,Customer didn't know item was in the cart. - S Kelly,Office Supplies,Newark,United States,BH-11710,Brosina Hoffman,0,03-03-2017,CA-2017-112123,19711,OFF-PA-10001977,Xerox 194,79.8912,3,East,3093,Consumer,08-03-2017,Standard Class,Delaware,Paper,166.44
3712,15-10-2017,CA-2018-113670,OFF-PA-10000675,Paper,Xerox,Xerox 1919,No Longer Needed,doesn't need the paper now- S. Kelly,Office Supplies,Quincy,United States,TB-21055,Ted Butterfield,0,27-08-2017,CA-2017-145982,2169,OFF-PA-10000675,Xerox 1919,60.2553,3,East,3342,Consumer,01-09-2017,Second Class,Massachusetts,Paper,122.97
3344,27-08-2016,CA-2017-145982,TEC-PH-10000011,Phones,Other,PureGear Roll-On Screen Protector,Defective,screen wouldn’t adhere correctly - C/ Arnold,Technology,Quincy,United States,TB-21055,Ted Butterfield,0,27-08-2017,CA-2017-145982,2169,TEC-PH-10000011,PureGear Roll-On Screen Protector,28.7856,3,East,3344,Consumer,01-09-2017,Second Class,Massachusetts,Phones,59.96
5801,11-07-2014,CA-2015-123225,TEC-PH-10000895,Phones,Polycom,Polycom VVX 310 VoIP phone,Incorrect Product Ordered,customer didn't know item was in cart - R. Duchesne,Technology,Bristol,United States,CA-12310,Christine Abelman,0,19-07-2015,US-2015-150434,6010,TEC-PH-10000895,Polycom VVX 310 VoIP phone,93.5948,2,East,3354,Corporate,24-07-2015,Standard Class,Connecticut,Phones,359.98
5801,11-07-2014,CA-2015-123225,TEC-PH-10000895,Phones,Polycom,Polycom VVX 310 VoIP phone,Incorrect Product Ordered,customer didn't know item was in cart - R. Duchesne,Technology,Clinton,United States,KH-16630,Ken Heidel,0,18-09-2016,CA-2016-109575,20735,TEC-PH-10000895,Polycom VVX 310 VoIP phone,327.5818,7,East,3733,Corporate,23-09-2016,Standard Class,Maryland,Phones,1259.93
3736,06-03-2017,CA-2018-168193,FUR-FU-10002554,Furnishings,Westinghouse,"Westinghouse Floor Lamp with Metal Mesh Shade, Black",No Longer Needed,Customber bought different lamp instead - L Smith,Furniture,New York City,United States,RM-19750,Roland Murray,0,06-03-2018,CA-2018-168193,10011,FUR-FU-10002554,"Westinghouse Floor Lamp with Metal Mesh Shade, Black",16.5531,3,East,3736,Consumer,11-03-2018,Second Class,New York,Furnishings,71.96
3824,14-09-2015,CA-2016-140984,OFF-ST-10000585,Storage,Other,Economy Rollaway Files,Incorrect Product Ordered,Customer meant to order full filing cabinet - S Kelly,Office Supplies,New York City,United States,CC-12685,Craig Carroll,0,14-09-2016,CA-2016-140984,10011,OFF-ST-10000585,Economy Rollaway Files,257.712,6,East,3824,Consumer,18-09-2016,Standard Class,New York,Storage,991.2
7644,06-10-2016,US-2017-157490,OFF-BI-10002571,Binders,Avery,"Avery Framed View Binder, EZD Ring (Locking), Navy, 1 1/2""",Defective,One ring was misaligned - C.. Arnold,Office Supplies,Dover,United States,LS-17230,Lycoris Saunders,0,14-11-2016,US-2016-111927,19901,OFF-BI-10002571,"Avery Framed View Binder, EZD Ring (Locking), Navy, 1 1/2""",9.3812,2,East,3833,Consumer,19-11-2016,Standard Class,Delaware,Binders,19.96
5709,08-05-2015,US-2016-160857,OFF-SU-10000157,Supplies,Other,Compact Automatic Electric Letter Opener,Incorrect Product Ordered,Customer meant to remove this from cart before ordering - L Smith,Office Supplies,Buffalo,United States,MG-17695,Maureen Gnade,0,23-06-2017,US-2017-142685,14215,OFF-SU-10000157,Compact Automatic Electric Letter Opener,16.7034,7,East,3944,Consumer,30-06-2017,Standard Class,New York,Supplies,835.16
1482,02-12-2016,US-2017-108455,OFF-ST-10002214,Storage,Other,X-Rack File for Hanging Folders,General,Customer meant to order legel size - R Chen,Office Supplies,New York City,United States,AH-10465,Amy Hunt,0,14-05-2018,CA-2018-115546,10035,OFF-ST-10002214,X-Rack File for Hanging Folders,5.8708,2,East,4162,Consumer,18-05-2018,Standard Class,New York,Storage,22.57
3859,20-12-2014,CA-2015-140816,TEC-AC-10001539,Accessories,Logitech,Logitech G430 Surround Sound Gaming Headset with Dolby 7.1 Technology,No Longer Needed,customer bought cheaper headset elsewhere - S Kelly,Technology,New York City,United States,CR-12820,Cyra Reiten,0,06-10-2018,US-2018-136868,10035,TEC-AC-10001539,Logitech G430 Surround Sound Gaming Headset with Dolby 7.1 Technology,115.1856,4,East,4182,Home Office,12-10-2018,Standard Class,New York,Accessories,319.95
463,22-04-2016,CA-2017-109869,FUR-FU-10000023,Furnishings,Eldon,Eldon Wave Desk Accessories,No Longer Needed,Customer bought comperable item at local store - R Chen,Furniture,Cranston,United States,AM-10705,Anne McFarland,0,31-10-2015,CA-2015-145387,2920,FUR-FU-10000023,Eldon Wave Desk Accessories,7.7748,3,East,4208,Consumer,02-11-2015,Second Class,Rhode Island,Furnishings,17.67
5743,28-03-2017,US-2018-147886,OFF-PA-10003651,Paper,Xerox,Xerox 1968,Incorrect Product Ordered,Customer meant to order heavier weight - M Gomez,Office Supplies,New York City,United States,CD-11920,Carlos Daly,0,20-11-2018,CA-2018-111556,10035,OFF-PA-10003651,Xerox 1968,22.4448,7,East,4389,Consumer,22-11-2018,First Class,New York,Paper,46.75
4392,20-11-2017,CA-2018-111556,OFF-AR-10004602,Art,Boston,Boston KS Multi-Size Manual Pencil Sharpener,General,customer wanted automatic pencil sharpener,Office Supplies,New York City,United States,CD-11920,Carlos Daly,0,20-11-2018,CA-2018-111556,10035,OFF-AR-10004602,Boston KS Multi-Size Manual Pencil Sharpener,19.3116,3,East,4392,Consumer,22-11-2018,First Class,New York,Art,68.96
2623,03-12-2014,CA-2015-164861,OFF-PA-10001972,Paper,Xerox,Xerox 214,Incorrect Product Shipped,"customer received cardstock paper, instead of the printer paper - C Arnold",Office Supplies,New York City,United States,KA-16525,Kelly Andreada,0,24-11-2018,CA-2018-168641,10035,OFF-PA-10001972,Xerox 214,6.2208,2,East,4470,Consumer,01-12-2018,Standard Class,New York,Paper,12.96
4527,17-07-2017,US-2018-105046,OFF-PA-10004353,Paper,Southworth,Southworth 25% Cotton Premium Laser Paper and Envelopes,Incorrect Product Ordered,Customer ordered too many packages - F Azad,Office Supplies,Rome,United States,BE-11335,Bill Eplett,0,17-07-2018,US-2018-105046,13440,OFF-PA-10004353,Southworth 25% Cotton Premium Laser Paper and Envelopes,47.952,5,East,4527,Home Office,23-07-2018,Standard Class,New York,Paper,99.9
91,17-09-2016,CA-2017-109806,TEC-PH-10004093,Phones,Panasonic,Panasonic Kx-TS550,No Longer Needed,Customer found comparable product at local store - R Chen,Technology,Rochester,United States,MS-17770,Maxwell Schwartz,0,28-05-2016,CA-2016-135020,14609,TEC-PH-10004093,Panasonic Kx-TS550,13.3371,1,East,4607,Consumer,02-06-2016,Standard Class,New York,Phones,45.99
5191,14-11-2017,US-2018-136679,OFF-AR-10003582,Art,Boston,"Boston Electric Pencil Sharpener, Model 1818, Charcoal Black",Defective,didn't work - S. Kelly,Office Supplies,New York City,United States,CK-12760,Cyma Kinney,0,13-11-2017,CA-2017-101336,10011,OFF-AR-10003582,"Boston Electric Pencil Sharpener, Model 1818, Charcoal Black",39.41,5,East,4629,Corporate,18-11-2017,Standard Class,New York,Art,140.75
4779,07-11-2017,CA-2018-132346,OFF-AP-10000696,Appliances,Holmes,Holmes Odor Grabber,General,Customer didn't like smell. - L. Smith,Office Supplies,Newark,United States,PK-19075,Pete Kriz,0,07-11-2018,CA-2018-132346,19711,OFF-AP-10000696,Holmes Odor Grabber,33.3102,7,East,4779,Consumer,11-11-2018,Standard Class,Delaware,Appliances,100.94
3483,27-08-2014,CA-2015-124688,TEC-PH-10000455,Phones,Other,GE 30522EE2,Incorrect Product Ordered,Customer thought phone was removed from cart. - C Arnold,Technology,Gaithersburg,United States,BM-11575,Brendan Murry,0,02-01-2017,CA-2017-160304,20877,TEC-PH-10000455,GE 30522EE2,67.2742,2,East,4920,Corporate,07-01-2017,Standard Class,Maryland,Phones,231.97
2623,03-12-2014,CA-2015-164861,OFF-PA-10001972,Paper,Xerox,Xerox 214,Incorrect Product Shipped,"customer received cardstock paper, instead of the printer paper - C Arnold",Office Supplies,Fairfield,United States,AD-10180,Alan Dominguez,0,01-12-2018,CA-2018-143245,6824,OFF-PA-10001972,Xerox 214,9.3312,3,East,4928,Home Office,06-12-2018,Standard Class,Connecticut,Paper,19.44
6577,03-03-2017,CA-2018-123085,FUR-CH-10003968,Chairs,Novimex,Novimex Turbo Task Chair,Incorrect Product Ordered,Customer didn't want a rolling chair - M Gomez,Furniture,Vineland,United States,BB-11545,Brenda Bowman,0,26-12-2017,CA-2017-155166,8360,FUR-CH-10003968,Novimex Turbo Task Chair,25.5528,3,East,5033,Corporate,02-01-2018,Standard Class,New Jersey,Chairs,212.94
1943,29-08-2017,CA-2018-144064,OFF-ST-10004507,Storage,Advantus,Advantus Rolling Storage Box,Incorrect Product Shipped,Justomer received boxes without wheels. - S Kelly,Office Supplies,Woonsocket,United States,KH-16690,Kristen Hastings,0,23-05-2016,CA-2016-119102,2895,OFF-ST-10004507,Advantus Rolling Storage Box,13.8915,3,East,5093,Corporate,27-05-2016,Standard Class,Rhode Island,Storage,51.45
1241,11-08-2014,CA-2015-127012,OFF-FA-10004854,Fasteners,Other,"Vinyl Coated Wire Paper Clips in Organizer Box, 800/Box",Incorrect Product Ordered,Customor thought item wasn't in active order. -  C ARNOLD,Office Supplies,Oceanside,United States,GM-14500,Gene McClure,0,26-09-2016,CA-2016-127173,11572,OFF-FA-10004854,"Vinyl Coated Wire Paper Clips in Organizer Box, 800/Box",16.1868,3,East,5118,Consumer,03-10-2016,Standard Class,New York,Fasteners,34.43
2148,25-06-2016,US-2017-152051,OFF-ST-10001713,Storage,Gould Plastics,"Gould Plastics 9-Pocket Panel Bin, 18-3/8w x 5-1/4d x 20-1/2h, Black",No Longer Needed,Customer ordered too many - K Lawrence,Office Supplies,Auburn,United States,TM-21010,Tamara Manning,0,12-09-2016,CA-2016-102016,13021,OFF-ST-10001713,"Gould Plastics 9-Pocket Panel Bin, 18-3/8w x 5-1/4d x 20-1/2h, Black",4.2392,2,East,5206,Consumer,18-09-2016,Standard Class,New York,Storage,105.98
5237,20-09-2014,CA-2015-166744,FUR-FU-10004952,Furnishings,C-Line,"C-Line Cubicle Keepers Polyproplyene Holder w/Velcro Back, 8-1/2x11, 25/Bx",Incorrect Product Ordered,The item DID NOT satisfy customer requirements. - c arnold,Furniture,Columbia,United States,DN-13690,Duane Noonan,0,20-09-2015,CA-2015-166744,21044,FUR-FU-10004952,"C-Line Cubicle Keepers Polyproplyene Holder w/Velcro Back, 8-1/2x11, 25/Bx",50.9082,3,East,5237,Consumer,24-09-2015,Standard Class,Maryland,Furnishings,164.22
3268,22-05-2014,CA-2015-143840,TEC-PH-10002660,Phones,Nortel,Nortel Networks T7316 E Nt8 B27,Incorrect Product Ordered,customer didn't realize item was in the cart - E Williams,Technology,Yonkers,United States,TM-21490,Tony Molinari,0,27-07-2018,CA-2018-108791,10701,TEC-PH-10002660,Nortel Networks T7316 E Nt8 B27,135.98,8,East,5298,Consumer,31-07-2018,Standard Class,New York,Phones,543.91
1188,24-11-2014,CA-2015-127131,OFF-ST-10000036,Storage,Other,"Recycled Data-Pak for Archival Bound Computer Printouts, 12-1/2 x 12-1/2 x 16",Incorrect Product Ordered,customer thought item was out of cart. - F Azad,Office Supplies,Oceanside,United States,BV-11245,Benjamin Venier,0,21-02-2017,US-2017-168410,11572,OFF-ST-10000036,"Recycled Data-Pak for Archival Bound Computer Printouts, 12-1/2 x 12-1/2 x 16",80.0199,3,East,5307,Corporate,26-02-2017,Standard Class,New York,Storage,296.37
5341,09-11-2015,CA-2016-146486,TEC-AC-10002018,Accessories,Other,AmazonBasics 3-Button USB Wired Mouse,Product Listed Incorrectly,Desc. Listed mouse as rechargable; actual product takes AAA batteries - F Azad,Technology,Oceanside,United States,DV-13465,Dianna Vittorini,0,09-11-2016,CA-2016-146486,11572,TEC-AC-10002018,AmazonBasics 3-Button USB Wired Mouse,6.0114,2,East,5341,Consumer,14-11-2016,Second Class,New York,Accessories,13.98
1611,26-05-2014,CA-2015-156349,FUR-BO-10000362,Bookcases,Sauder,Sauder Inglewood Library Bookcases,Incorrect Product Ordered,customer didn't know item was in cart - C Arnold,Furniture,Wilmington,United States,GR-14560,Georgia Rosenberg,0,19-11-2015,US-2015-123183,19805,FUR-BO-10000362,Sauder Inglewood Library Bookcases,235.9524,6,East,5395,Corporate,25-11-2015,Standard Class,Delaware,Bookcases,1025.88
5434,25-04-2017,CA-2018-129707,OFF-AR-10000246,Art,Newell,Newell 318,Incorrect Product Ordered,Customer meant to order something else - E Williams,Office Supplies,Meriden,United States,AT-10435,Alyssa Tate,0,02-04-2018,CA-2018-106355,6450,OFF-AR-10000246,Newell 318,2.8912,4,East,5642,Home Office,05-04-2018,First Class,Connecticut,Art,11.11
5709,08-05-2015,US-2016-160857,OFF-SU-10000157,Supplies,Other,Compact Automatic Electric Letter Opener,Incorrect Product Ordered,Customer meant to remove this from cart before ordering - L Smith,Office Supplies,New York City,United States,NW-18400,Natalie Webber,0,08-05-2016,US-2016-160857,10024,OFF-SU-10000157,Compact Automatic Electric Letter Opener,7.1586,3,East,5709,Consumer,15-05-2016,Standard Class,New York,Supplies,357.93
3058,19-10-2017,CA-2018-131492,OFF-LA-10001641,Labels,Avery,Avery 518,Incorrect Product Ordered,Ordered too many. - R. Chen,Office Supplies,Leominster,United States,SS-20875,Sung Shariari,0,25-02-2016,CA-2016-154900,1453,OFF-LA-10001641,Avery 518,1.512,1,East,5769,Consumer,01-03-2016,Standard Class,Massachusetts,Labels,3.14
6317,24-11-2014,CA-2015-100762,OFF-PA-10001815,Paper,Xerox,Xerox 1885,Incorrect Product Shipped,Lighterweight paper was shipped - S Kelly,Office Supplies,New York City,United States,MV-17485,Mark Van Huff,0,05-09-2017,CA-2017-133319,10011,OFF-PA-10001815,Xerox 1885,92.2368,4,East,5880,Consumer,11-09-2017,Standard Class,New York,Paper,192.16
5880,05-09-2016,CA-2017-133319,OFF-PA-10001815,Paper,Xerox,Xerox 1885,Incorrect Product Ordered,Customer ordered too many - R Chen,Office Supplies,New York City,United States,MV-17485,Mark Van Huff,0,05-09-2017,CA-2017-133319,10011,OFF-PA-10001815,Xerox 1885,92.2368,4,East,5880,Consumer,11-09-2017,Standard Class,New York,Paper,192.16
6062,10-04-2015,CA-2016-134201,OFF-AR-10002804,Art,Other,Faber Castell Col-Erase Pencils,General,customer ordered too many. - M Gomez,Office Supplies,Rochester,United States,EH-14125,Eugene Hildebrand,0,10-04-2016,CA-2016-134201,14609,OFF-AR-10002804,Faber Castell Col-Erase Pencils,6.0147,3,East,6062,Home Office,16-04-2016,Standard Class,New York,Art,14.67
3291,13-12-2015,CA-2016-157770,TEC-AC-10003399,Accessories,Memorex,Memorex Mini Travel Drive 64 GB USB 2.0 Flash Drive,Defective,Drive appeared corrupt - F. Azad,Technology,New York City,United States,PG-18820,Patrick Gardner,0,01-09-2017,CA-2017-151561,10011,TEC-AC-10003399,Memorex Mini Travel Drive 64 GB USB 2.0 Flash Drive,30.4416,2,East,6078,Consumer,07-09-2017,Standard Class,New York,Accessories,72.48
7243,23-04-2017,CA-2018-136651,FUR-FU-10004864,Furnishings,Eldon,Eldon 500 Class Desk Accessories,General,didn't match customers décor - R Chen,Furniture,New York City,United States,PG-18820,Patrick Gardner,0,01-09-2017,CA-2017-151561,10011,FUR-FU-10004864,"Howard Miller 14-1/2"" Diameter Chrome Round Wall Clock",61.3824,3,East,6080,Consumer,07-09-2017,Standard Class,New York,Furnishings,191.81
6094,20-09-2017,CA-2018-100111,TEC-AC-10001465,Accessories,SanDisk,SanDisk Cruzer 64 GB USB Flash Drive,Defective,appeared to be corrupt - L Jenkins,Technology,New York City,United States,SV-20365,Seth Vernon,0,20-09-2018,CA-2018-100111,10035,TEC-AC-10001465,SanDisk Cruzer 64 GB USB Flash Drive,21.792,2,East,6094,Consumer,26-09-2018,Standard Class,New York,Accessories,72.64
1830,18-05-2014,CA-2015-103373,TEC-PH-10002885,Phones,Apple,Apple iPhone 5,Incorrect Product Ordered,The customer didn't realize that the phone was in the cart when he ordered. - R Duchesne,Technology,New York City,United States,SV-20365,Seth Vernon,0,20-09-2018,CA-2018-100111,10035,TEC-PH-10002885,Apple iPhone 5,350.9082,2,East,6101,Consumer,26-09-2018,Standard Class,New York,Phones,1299.66
1461,01-12-2015,CA-2016-119907,OFF-BI-10001765,Binders,Wilson Jones,Wilson Jones Heavy-Duty Casebound Ring Binders with Metal Hinges,Defective,one of the rings wouldn't close - S. Kelly,Office Supplies,Newark,United States,EM-14140,Eugene Moren,0,07-03-2016,CA-2016-146255,19711,OFF-BI-10001765,Wilson Jones Heavy-Duty Casebound Ring Binders with Metal Hinges,33.2544,2,East,6345,Home Office,10-03-2016,First Class,Delaware,Binders,69.28
7214,15-10-2017,CA-2018-154949,OFF-LA-10002034,Labels,Avery,Avery 478,Incorrect Product Ordered,Customer ordered wrong label size for printer. - R. Chen,Office Supplies,New York City,United States,RB-19465,Rick Bensley,0,20-10-2018,CA-2018-104822,10024,OFF-LA-10002034,Avery 478,12.0295,5,East,6347,Home Office,20-10-2018,Same Day,New York,Labels,24.55
1943,29-08-2017,CA-2018-144064,OFF-ST-10004507,Storage,Advantus,Advantus Rolling Storage Box,Incorrect Product Shipped,Justomer received boxes without wheels. - S Kelly,Office Supplies,New York City,United States,PK-19075,Pete Kriz,0,14-12-2017,CA-2017-129126,10011,OFF-ST-10004507,Advantus Rolling Storage Box,4.6305,1,East,6396,Consumer,19-12-2017,Standard Class,New York,Storage,17.14
2075,07-11-2017,CA-2018-122504,TEC-PH-10002468,Phones,Plantronics,"Plantronics CS 50-USB - headset - Convertible, Monaural",Incorrect Product Ordered,Customer didn't realize that headset only had one earphone - M. Gomez,Technology,New York City,United States,SP-20650,Stephanie Phelps,0,05-08-2015,CA-2015-110065,10009,TEC-PH-10002468,"Plantronics CS 50-USB - headset - Convertible, Monaural",36.7173,1,East,6457,Corporate,11-08-2015,Standard Class,New York,Phones,135.99
7243,23-04-2017,CA-2018-136651,FUR-FU-10004864,Furnishings,Eldon,Eldon 500 Class Desk Accessories,General,didn't match customers décor - R Chen,Furniture,Providence,United States,DB-13270,Deborah Brumfield,0,02-12-2017,CA-2017-163804,2908,FUR-FU-10004864,Eldon 500 Class Desk Accessories,23.8986,6,East,6470,Home Office,08-12-2017,Standard Class,Rhode Island,Furnishings,72.42
3344,27-08-2016,CA-2017-145982,TEC-PH-10000011,Phones,Other,PureGear Roll-On Screen Protector,Defective,screen wouldn’t adhere correctly - C/ Arnold,Technology,New York City,United States,GW-14605,Giulietta Weimer,0,19-09-2016,CA-2016-135489,10024,TEC-PH-10000011,PureGear Roll-On Screen Protector,134.3328,14,East,6629,Consumer,22-09-2016,Second Class,New York,Phones,279.86
779,21-08-2015,CA-2016-144267,OFF-PA-10000157,Paper,Xerox,Xerox 191,No Longer Needed,customer ordered too much paper. - G. Lindsay,Office Supplies,Meriden,United States,TB-21055,Ted Butterfield,0,02-09-2018,CA-2018-145037,6450,OFF-PA-10000157,Xerox 191,37.5624,4,East,6681,Consumer,07-09-2018,Second Class,Connecticut,Paper,79.92
1763,05-09-2015,CA-2016-130785,FUR-BO-10003159,Bookcases,Sauder,"Sauder Camden County Collection Libraries, Planked Cherry Finish",No Longer Needed,Customer found better deal elsewhere - M Gomez,Furniture,Baltimore,United States,HF-14995,Herbert Flentye,0,03-09-2017,US-2017-147711,21215,FUR-BO-10003159,"Sauder Camden County Collection Libraries, Planked Cherry Finish",31.0446,3,East,6779,Consumer,08-09-2017,Second Class,Maryland,Bookcases,344.94
4059,20-11-2015,CA-2016-124058,TEC-PH-10004774,Phones,Other,Gear Head AU3700S Headset,No Longer Needed,Customer found his headset. No longer needs this item - L Jenkins,Technology,New York City,United States,KM-16720,Kunst Miller,0,19-04-2017,CA-2017-109666,10035,TEC-PH-10004774,Gear Head AU3700S Headset,0.7794,2,East,7108,Consumer,26-04-2017,Standard Class,New York,Phones,25.98
6317,24-11-2014,CA-2015-100762,OFF-PA-10001815,Paper,Xerox,Xerox 1885,Incorrect Product Shipped,Lighterweight paper was shipped - S Kelly,Office Supplies,New York City,United States,MF-18250,Monica Federle,0,09-08-2016,CA-2016-128013,10035,OFF-PA-10001815,Xerox 1885,69.1776,3,East,7125,Corporate,16-08-2016,Standard Class,New York,Paper,144.12
5880,05-09-2016,CA-2017-133319,OFF-PA-10001815,Paper,Xerox,Xerox 1885,Incorrect Product Ordered,Customer ordered too many - R Chen,Office Supplies,New York City,United States,MF-18250,Monica Federle,0,09-08-2016,CA-2016-128013,10035,OFF-PA-10001815,Xerox 1885,69.1776,3,East,7125,Corporate,16-08-2016,Standard Class,New York,Paper,144.12
8965,05-11-2016,CA-2017-157280,FUR-FU-10003806,Furnishings,Tenex,"Tenex Chairmat w/ Average Lip, 45"" x 53""",General,mat did not fit under desk - R Chen,Furniture,Rochester,United States,VB-21745,Victoria Brennan,0,28-10-2017,CA-2017-120369,14609,FUR-FU-10003806,"Tenex Chairmat w/ Average Lip, 45"" x 53""",75.68,5,East,7203,Corporate,28-10-2017,Same Day,New York,Furnishings,756.79
1377,04-08-2014,CA-2015-126361,OFF-PA-10000806,Paper,Xerox,Xerox 1934,Incorrect Product Ordered,Customer didn't realize item was in cart. - f azad,Office Supplies,Long Beach,United States,DL-12925,Daniel Lacy,0,01-11-2015,US-2015-137155,11561,OFF-PA-10000806,Xerox 1934,82.2906,3,East,7560,Consumer,05-11-2015,Standard Class,New York,Paper,167.94
3972,22-02-2015,CA-2016-132374,OFF-AR-10001615,Art,Newell,Newell 34,Incorrect Product Ordered,Customer didn't realise pencils were in the cart - F Azad,Office Supplies,Newark,United States,DB-13555,Dorothy Badders,0,02-03-2018,CA-2018-104885,19711,OFF-AR-10001615,Newell 34,15.4752,3,East,7638,Corporate,08-03-2018,Standard Class,Delaware,Art,59.52
1611,26-05-2014,CA-2015-156349,FUR-BO-10000362,Bookcases,Sauder,Sauder Inglewood Library Bookcases,Incorrect Product Ordered,customer didn't know item was in cart - C Arnold,Furniture,Providence,United States,KM-16375,Katherine Murray,0,31-12-2015,CA-2015-133592,2908,FUR-BO-10000362,Sauder Inglewood Library Bookcases,78.6508,2,East,7681,Home Office,07-01-2016,Standard Class,Rhode Island,Bookcases,341.95
3972,22-02-2015,CA-2016-132374,OFF-AR-10001615,Art,Newell,Newell 34,Incorrect Product Ordered,Customer didn't realise pencils were in the cart - F Azad,Office Supplies,New York City,United States,BG-11695,Brooke Gillingham,0,05-01-2016,CA-2016-108588,10009,OFF-AR-10001615,Newell 34,15.4752,3,East,7720,Corporate,10-01-2016,Standard Class,New York,Art,59.52
1188,24-11-2014,CA-2015-127131,OFF-ST-10000036,Storage,Other,"Recycled Data-Pak for Archival Bound Computer Printouts, 12-1/2 x 12-1/2 x 16",Incorrect Product Ordered,customer thought item was out of cart. - F Azad,Office Supplies,Cranston,United States,CW-11905,Carl Weiss,0,08-12-2018,CA-2018-152436,2920,OFF-ST-10000036,"Recycled Data-Pak for Archival Bound Computer Printouts, 12-1/2 x 12-1/2 x 16",160.0398,6,East,7821,Home Office,10-12-2018,Second Class,Rhode Island,Storage,592.74
3926,17-09-2014,CA-2015-103940,OFF-ST-10000943,Storage,Eldon,Eldon ProFile File 'N Store Portable File Tub Letter/Legal Size Black,Incorrect Product Ordered,customer didn't realize that product was in cart - L Jenkins,Office Supplies,Waterbury,United States,Dp-13240,Dean percer,0,15-09-2018,CA-2018-139822,6708,OFF-ST-10000943,Eldon ProFile File 'N Store Portable File Tub Letter/Legal Size Black,10.8136,2,East,7920,Home Office,21-09-2018,Standard Class,Connecticut,Storage,38.61
2013,11-12-2015,CA-2016-155761,OFF-ST-10000943,Storage,Eldon,Eldon ProFile File 'N Store Portable File Tub Letter/Legal Size Black,Product Listed Incorrectly,item that was shipped was actually a dark gray - F Azad,Office Supplies,Waterbury,United States,Dp-13240,Dean percer,0,15-09-2018,CA-2018-139822,6708,OFF-ST-10000943,Eldon ProFile File 'N Store Portable File Tub Letter/Legal Size Black,10.8136,2,East,7920,Home Office,21-09-2018,Standard Class,Connecticut,Storage,38.61
6531,23-02-2014,CA-2015-103744,OFF-BI-10000320,Binders,GBC,GBC Plastic Binding Combs,General,Customer thought binding combs could be manually used - F. Azad,Office Supplies,Rockville,United States,SG-20470,Sheri Gordon,0,02-10-2016,CA-2016-140375,20852,OFF-BI-10000320,GBC Plastic Binding Combs,3.6162,1,East,8190,Consumer,05-10-2016,Second Class,Maryland,Binders,7.37
5576,05-12-2014,CA-2015-151162,TEC-PH-10001809,Phones,Panasonic,Panasonic KX T7736-B Digital phone,Incorrect Product Ordered,cust. thought that this was already removed from cart. - C Arnold,Technology,New York City,United States,MT-17815,Meg Tillman,0,13-03-2018,US-2018-146906,10011,TEC-PH-10001809,Panasonic KX T7736-B Digital phone,74.975,2,East,8295,Consumer,17-03-2018,Standard Class,New York,Phones,299.89
800,27-11-2015,CA-2016-101910,FUR-CH-10002647,Chairs,Other,"Situations Contoured Folding Chairs, 4/Set",Defective,only three chairs were delivered in package - M Gomez,Furniture,Andover,United States,PS-18760,Pamela Stobb,0,09-03-2017,CA-2017-153269,1810,FUR-CH-10002647,"Situations Contoured Folding Chairs, 4/Set",88.725,5,East,8333,Consumer,12-03-2017,First Class,Massachusetts,Chairs,354.89
5268,30-09-2017,CA-2018-147452,OFF-AP-10001626,Appliances,Other,"Commercial WindTunnel Clean Air Upright Vacuum, Replacement Belts, Filtration Bags",No Longer Needed,Customer found belts he alrady had - R Chen,Office Supplies,New York City,United States,BT-11440,Bobby Trafton,0,04-06-2015,CA-2015-151946,10035,OFF-AP-10001626,"Commercial WindTunnel Clean Air Upright Vacuum, Replacement Belts, Filtration Bags",4.0456,4,East,8609,Consumer,09-06-2015,Standard Class,New York,Appliances,15.56
19,27-08-2014,CA-2015-143336,OFF-AR-10003056,Art,Newell,Newell 341,Incorrect Product Ordered,Customer tried to remove item before ordering - EWilliams,Office Supplies,Cambridge,United States,HD-14785,Harold Dahlen,0,22-11-2016,CA-2016-162376,2138,OFF-AR-10003056,Newell 341,4.9648,4,East,8745,Home Office,25-11-2016,Second Class,Massachusetts,Art,17.12
8759,22-07-2016,CA-2017-114307,FUR-FU-10000794,Furnishings,Eldon,"Eldon Stackable Tray, Side-Load, Legal, Smoke",No Longer Needed,Customer found other solution - K. Lawrence,Furniture,Columbia,United States,MF-17665,Maureen Fritzler,0,22-07-2017,CA-2017-114307,21044,FUR-FU-10000794,"Eldon Stackable Tray, Side-Load, Legal, Smoke",9.3228,3,East,8759,Corporate,26-07-2017,Standard Class,Maryland,Furnishings,27.42
8576,27-08-2017,CA-2018-101273,OFF-AP-10000804,Appliances,Hoover,Hoover Portapower Portable Vacuum,No Longer Needed,Customer found item on sale at online discount store - R Duchesne,Office Supplies,New York City,United States,LC-16960,Lindsay Castell,0,23-02-2016,CA-2016-132276,10024,OFF-AP-10000804,Hoover Portapower Portable Vacuum,6.72,6,East,8774,Home Office,28-02-2016,Standard Class,New York,Appliances,26.87
7051,11-12-2016,CA-2017-165330,OFF-BI-10004593,Binders,Ibico,Ibico Laser Imprintable Binding System Covers,Incorrect Product Shipped,Customer received covers that were not printer friendly - K Lawrence,Office Supplies,Paterson,United States,SN-20560,Skye Norling,0,11-09-2016,CA-2016-125934,7501,OFF-BI-10004593,Ibico Laser Imprintable Binding System Covers,96.416,4,East,8863,Home Office,18-09-2016,Standard Class,New Jersey,Binders,209.59
2623,03-12-2014,CA-2015-164861,OFF-PA-10001972,Paper,Xerox,Xerox 214,Incorrect Product Shipped,"customer received cardstock paper, instead of the printer paper - C Arnold",Office Supplies,New Bedford,United States,NC-18535,Nick Crebassa,0,24-12-2018,CA-2018-148355,2740,OFF-PA-10001972,Xerox 214,9.3312,3,East,8947,Corporate,28-12-2018,Standard Class,Massachusetts,Paper,19.44
2502,17-06-2017,CA-2018-131618,OFF-BI-10000546,Binders,Avery,Avery Durable Binders,Incorrect Product Ordered,Customer orderet too many - L Jenkins,Office Supplies,Orange,United States,DM-13345,Denise Monton,0,03-11-2015,CA-2015-119529,7050,OFF-BI-10000546,Avery Durable Binders,2.8224,2,East,8979,Corporate,05-11-2015,Second Class,New Jersey,Binders,5.75
1320,01-07-2014,CA-2015-160773,OFF-BI-10000546,Binders,Avery,Avery Durable Binders,Incorrect Product Ordered,Customer didn't realize item was in the cart. - S Kelly,Office Supplies,Orange,United States,DM-13345,Denise Monton,0,03-11-2015,CA-2015-119529,7050,OFF-BI-10000546,Avery Durable Binders,2.8224,2,East,8979,Corporate,05-11-2015,Second Class,New Jersey,Binders,5.75
5341,09-11-2015,CA-2016-146486,TEC-AC-10002018,Accessories,Other,AmazonBasics 3-Button USB Wired Mouse,Product Listed Incorrectly,Desc. Listed mouse as rechargable; actual product takes AAA batteries - F Azad,Technology,New York City,United States,VP-21760,Victoria Pisteka,0,26-06-2017,CA-2017-102127,10035,TEC-AC-10002018,AmazonBasics 3-Button USB Wired Mouse,9.0171,3,East,9025,Corporate,02-07-2017,Standard Class,New York,Accessories,20.96
7243,23-04-2017,CA-2018-136651,FUR-FU-10004864,Furnishings,Eldon,Eldon 500 Class Desk Accessories,General,didn't match customers décor - R Chen,Furniture,Marlborough,United States,PO-18865,Patrick O'Donnell,0,17-09-2017,US-2017-152415,1752,FUR-FU-10004864,"Howard Miller 14-1/2"" Diameter Chrome Round Wall Clock",61.3824,3,East,9029,Consumer,22-09-2017,Standard Class,Massachusetts,Furnishings,191.81
1482,02-12-2016,US-2017-108455,OFF-ST-10002214,Storage,Other,X-Rack File for Hanging Folders,General,Customer meant to order legel size - R Chen,Office Supplies,New York City,United States,RP-19390,Resi Pölking,0,07-04-2016,CA-2016-166492,10035,OFF-ST-10002214,X-Rack File for Hanging Folders,5.8708,2,East,9038,Consumer,10-04-2016,First Class,New York,Storage,22.57
2100,07-09-2017,CA-2018-124401,TEC-AC-10002926,Accessories,Logitech,Logitech Wireless Marathon Mouse M705,Incorrect Product Ordered,Customer thought item was bluetooth - K Lawrence,Technology,Burlington,United States,CB-12535,Claudia Bergmann,0,23-01-2017,US-2017-165505,,TEC-AC-10002926,Logitech Wireless Marathon Mouse M705,42.9914,2,East,9147,Corporate,27-01-2017,Standard Class,Vermont,Accessories,99.98
5760,30-12-2016,US-2017-111528,OFF-ST-10001526,Storage,Iceberg,Iceberg Mobile Mega Data/Printer Cart,Incorrect Product Ordered,Printer did not fit on this cart - E Williams,Office Supplies,Burlington,United States,CB-12535,Claudia Bergmann,0,23-01-2017,US-2017-165505,,OFF-ST-10001526,Iceberg Mobile Mega Data/Printer Cart,406.7154,13,East,9149,Corporate,27-01-2017,Standard Class,Vermont,Storage,1564.29
4527,17-07-2017,US-2018-105046,OFF-PA-10004353,Paper,Southworth,Southworth 25% Cotton Premium Laser Paper and Envelopes,Incorrect Product Ordered,Customer ordered too many packages - F Azad,Office Supplies,Bangor,United States,ML-17395,Marina Lichtenstein,0,04-08-2015,CA-2015-134215,4401,OFF-PA-10004353,Southworth 25% Cotton Premium Laser Paper and Envelopes,124.6752,13,East,9158,Corporate,08-08-2015,Standard Class,Maine,Paper,259.74
4392,20-11-2017,CA-2018-111556,OFF-AR-10004602,Art,Boston,Boston KS Multi-Size Manual Pencil Sharpener,General,customer wanted automatic pencil sharpener,Office Supplies,New York City,United States,EH-13765,Edward Hooks,0,30-10-2017,CA-2017-153836,10011,OFF-AR-10004602,Boston KS Multi-Size Manual Pencil Sharpener,32.186,5,East,9204,Corporate,03-11-2017,Standard Class,New York,Art,114.95
9991,26-02-2017,CA-2018-121258,FUR-FU-10000747,Furnishings,Tenex,Tenex B1-RE Series Chair Mats for Low Pile Carpets,No Longer Needed,Customer found mats cheaper at online discount store - G Lindsay,Furniture,New York City,United States,AR-10825,Anthony Rawles,0,20-07-2018,US-2018-108343,10009,FUR-FU-10000747,Tenex B1-RE Series Chair Mats for Low Pile Carpets,31.2664,4,East,9321,Corporate,25-07-2018,Standard Class,New York,Furnishings,183.91
7155,25-12-2015,US-2016-136749,FUR-FU-10000747,Furnishings,Tenex,Tenex B1-RE Series Chair Mats for Low Pile Carpets,No Longer Needed,customer ordered more than she needed - S Kelly,Furniture,New York City,United States,AR-10825,Anthony Rawles,0,20-07-2018,US-2018-108343,10009,FUR-FU-10000747,Tenex B1-RE Series Chair Mats for Low Pile Carpets,31.2664,4,East,9321,Corporate,25-07-2018,Standard Class,New York,Furnishings,183.91
9991,26-02-2017,CA-2018-121258,FUR-FU-10000747,Furnishings,Tenex,Tenex B1-RE Series Chair Mats for Low Pile Carpets,No Longer Needed,Customer found mats cheaper at online discount store - G Lindsay,Furniture,New York City,United States,JD-15895,Jonathan Doherty,0,25-01-2017,CA-2017-168046,10024,FUR-FU-10000747,Tenex B1-RE Series Chair Mats for Low Pile Carpets,7.8166,1,East,9360,Corporate,28-01-2017,Second Class,New York,Furnishings,45.97
7155,25-12-2015,US-2016-136749,FUR-FU-10000747,Furnishings,Tenex,Tenex B1-RE Series Chair Mats for Low Pile Carpets,No Longer Needed,customer ordered more than she needed - S Kelly,Furniture,New York City,United States,JD-15895,Jonathan Doherty,0,25-01-2017,CA-2017-168046,10024,FUR-FU-10000747,Tenex B1-RE Series Chair Mats for Low Pile Carpets,7.8166,1,East,9360,Corporate,28-01-2017,Second Class,New York,Furnishings,45.97
779,21-08-2015,CA-2016-144267,OFF-PA-10000157,Paper,Xerox,Xerox 191,No Longer Needed,customer ordered too much paper. - G. Lindsay,Office Supplies,Burlington,United States,RM-19375,Raymond Messe,0,19-01-2018,US-2018-127292,,OFF-PA-10000157,Xerox 191,37.5624,4,East,9387,Consumer,23-01-2018,Standard Class,Vermont,Paper,79.92
7243,23-04-2017,CA-2018-136651,FUR-FU-10004864,Furnishings,Eldon,Eldon 500 Class Desk Accessories,General,didn't match customers décor - R Chen,Furniture,New York City,United States,LC-17140,Logan Currie,0,22-09-2018,CA-2018-162789,10035,FUR-FU-10004864,Eldon 500 Class Desk Accessories,3.9831,1,East,9409,Consumer,24-09-2018,Second Class,New York,Furnishings,12.07
779,21-08-2015,CA-2016-144267,OFF-PA-10000157,Paper,Xerox,Xerox 191,No Longer Needed,customer ordered too much paper. - G. Lindsay,Office Supplies,Providence,United States,AA-10375,Allen Armold,0,07-09-2018,US-2018-169488,2908,OFF-PA-10000157,Xerox 191,18.7812,2,East,9540,Consumer,09-09-2018,First Class,Rhode Island,Paper,39.96
8367,07-09-2014,CA-2015-109918,OFF-SU-10004290,Supplies,Acme,"Acme Design Line 8"" Stainless Steel Bent Scissors w/Champagne Handles, 3-1/8"" Cut",No Longer Needed,custmer ordered too many - S Kelly,Office Supplies,New York City,United States,CS-12490,Cindy Schnelling,0,18-04-2017,CA-2017-144785,10009,OFF-SU-10004290,"Acme Design Line 8"" Stainless Steel Bent Scissors w/Champagne Handles, 3-1/8"" Cut",1.8468,1,East,9679,Corporate,23-04-2017,Standard Class,New York,Supplies,6.83
3058,19-10-2017,CA-2018-131492,OFF-LA-10001641,Labels,Avery,Avery 518,Incorrect Product Ordered,Ordered too many. - R. Chen,Office Supplies,Newark,United States,JJ-15445,Jennifer Jackson,0,16-06-2017,CA-2017-137127,19711,OFF-LA-10001641,Avery 518,4.536,3,East,9744,Consumer,22-06-2017,Standard Class,Delaware,Labels,9.44
2075,07-11-2017,CA-2018-122504,TEC-PH-10002468,Phones,Plantronics,"Plantronics CS 50-USB - headset - Convertible, Monaural",Incorrect Product Ordered,Customer didn't realize that headset only had one earphone - M. Gomez,Technology,New York City,United States,PJ-19015,Pauline Johnson,0,18-07-2016,CA-2016-122973,10024,TEC-PH-10002468,"Plantronics CS 50-USB - headset - Convertible, Monaural",36.7173,1,East,9804,Consumer,20-07-2016,Second Class,New York,Phones,135.99
2252,15-02-2015,CA-2016-116092,OFF-PA-10000477,Paper,Xerox,Xerox 22,Incorrect Product Ordered,Customer didn't realize item was in cart - M Gomez,Office Supplies,New York City,United States,CA-12265,Christina Anderson,0,12-10-2018,CA-2018-169607,10024,OFF-PA-10000477,Xerox 1952,4.6812,2,East,9888,Consumer,15-10-2018,First Class,New York,Paper,9.96
7243,23-04-2017,CA-2018-136651,FUR-FU-10004864,Furnishings,Eldon,Eldon 500 Class Desk Accessories,General,didn't match customers décor - R Chen,Furniture,New York City,United States,NS-18640,Noel Staavos,0,12-12-2017,CA-2017-169824,10009,FUR-FU-10004864,Eldon 500 Class Desk Accessories,19.9155,5,East,9939,Corporate,17-12-2017,Standard Class,New York,Furnishings,60.35
5398,20-11-2016,CA-2017-145492,OFF-AP-10003622,Appliances,Other,"Bravo II Megaboss 12-Amp Hard Body Upright, Replacement Belts, 2 Belts per Pack",No Longer Needed,customer found item cheaper at online discount store - R Chen,Office Supplies,Plainfield,United States,RB-19435,Richard Bierner,0,11-12-2018,CA-2018-153871,7060,OFF-AP-10003622,"Bravo II Megaboss 12-Amp Hard Body Upright, Replacement Belts, 2 Belts per Pack",6.5975,7,East,9970,Consumer,17-12-2018,Standard Class,New Jersey,Appliances,22.75
203,03-08-2014,CA-2015-133690,OFF-AP-10003622,Appliances,Other,"Bravo II Megaboss 12-Amp Hard Body Upright, Replacement Belts, 2 Belts per Pack",Incorrect Product Ordered,belts didn't fit customers existing machine - L Jenkins,Office Supplies,Plainfield,United States,RB-19435,Richard Bierner,0,11-12-2018,CA-2018-153871,7060,OFF-AP-10003622,"Bravo II Megaboss 12-Amp Hard Body Upright, Replacement Belts, 2 Belts per Pack",6.5975,7,East,9970,Consumer,17-12-2018,Standard Class,New Jersey,Appliances,22.75
